Roll_No,Student_ID,Name,Prev_GPA,OS_Theory_Att,OS_Marks,DBMS_Theory_Att,DBMS_Marks,SE_Theory_Att,SE_Marks,MDM_Theory_Att,MDM_Marks,Entrepreneurship_Theory_Att,Entrepreneurship_Marks,ICSR_Theory_Att,ICSR_Marks,OS_Lab_Att,OS_Lab_Marks,DBMS_Lab_Att,DBMS_Lab_Marks,MDM_Lab_Att,MDM_Lab_Marks,Entrepreneurship_Lab_Att,Entrepreneurship_Lab_Marks,PBL_Att,PBL_Marks,CEP_Att,CEP_Marks,Risk_Level
2001,PICT261000,Triya D’Alia,7.08,80,62,80,67,75,71,75,75,80,58,79,70,83,31,83,32,85,32,83,34,75,36,83,35,0
2002,PICT261001,Ekavir Sandhu,8.97,93,85,98,87,100,69,96,78,97,76,99,77,92,39,93,40,97,40,98,36,100,41,100,38,0
2003,PICT261002,Hemani Palan,9.03,90,66,91,77,91,77,88,78,91,83,92,78,100,35,93,37,91,37,91,39,100,39,96,35,0
2004,PICT261003,Samesh Gour,8.82,94,88,91,84,96,98,99,93,97,95,100,91,87,43,87,46,87,46,93,45,96,46,95,43,0
2005,PICT261004,Arya Deol,7.19,81,70,87,76,80,73,81,72,85,66,79,69,84,34,80,38,76,37,84,37,80,33,82,38,0
2006,PICT261005,Hiral Mistry,5.94,43,43,42,24,43,28,50,40,45,33,49,37,53,14,55,16,53,18,55,14,51,17,51,16,1
2007,PICT261006,Amol Jani,7.71,84,59,82,41,85,42,88,61,83,50,86,61,76,23,72,24,78,25,76,27,78,23,79,27,0
2008,PICT261007,Ikbal Divan,9.37,87,89,95,86,87,98,94,100,86,100,94,87,99,43,100,47,100,44,97,44,98,45,99,43,0
2009,PICT261008,Qadim Pradhan,8.16,70,82,79,79,75,78,80,67,78,79,73,66,82,37,88,36,88,37,82,38,87,40,83,40,0
2010,PICT261009,Frederick Kakar,8.64,91,91,92,77,100,82,100,96,92,95,95,88,93,42,88,45,91,44,92,41,97,41,93,46,0
2011,PICT261010,Yochana Ramesh,9.33,88,93,92,93,85,80,83,94,89,91,84,91,100,42,100,43,98,46,100,42,96,42,99,44,0
2012,PICT261011,Adweta Badal,6.92,71,62,73,67,73,63,72,56,76,60,68,54,77,29,74,33,82,30,80,33,77,31,80,31,0
2013,PICT261012,Ikbal Gara,9.59,93,86,95,94,100,80,98,84,96,93,97,94,95,44,100,41,95,43,97,43,97,44,98,46,0
2014,PICT261013,Yasti Randhawa,8.23,81,66,72,51,78,65,77,57,75,68,75,59,75,30,79,30,79,28,82,29,82,28,79,31,0
2015,PICT261014,Jai Batta,7.13,79,68,85,56,85,69,78,69,83,60,81,57,70,32,77,28,79,33,71,29,75,28,80,30,0
2016,PICT261015,Falguni Mitra,7.34,77,62,82,57,82,54,76,51,76,53,74,65,80,28,85,27,86,28,80,30,81,27,82,27,0
2017,PICT261016,Imaran Pal,7.9,75,64,71,58,69,60,67,61,75,44,75,64,80,26,83,26,85,29,89,28,85,28,88,27,0
2018,PICT261017,Ekbal Karnik,6.75,81,73,85,73,79,81,81,63,76,69,82,77,88,35,93,37,88,34,92,38,90,35,88,36,0
2019,PICT261018,Ekta Deshpande,9.6,99,69,94,73,94,74,100,71,92,89,100,82,96,37,91,37,95,39,86,40,90,40,91,41,0
2020,PICT261019,Garima Chandran,7.63,77,71,72,77,81,73,80,74,73,77,80,75,85,34,84,34,94,32,93,33,93,33,93,34,0
2021,PICT261020,Sanaya Balasubramanian,8.93,93,91,97,83,94,98,100,99,100,84,97,83,100,44,98,48,95,46,100,45,100,45,94,43,0
2022,PICT261021,Falak Salvi,4.99,46,33,41,33,47,38,51,20,48,20,42,27,78,14,77,16,70,16,76,15,72,14,70,13,1
2023,PICT261022,Dalaja Sagar,6.68,69,72,70,58,79,61,69,64,73,70,77,72,82,31,73,30,83,32,73,31,74,32,81,32,0
2024,PICT261023,Anay Khurana,8.29,79,49,73,60,74,45,72,61,80,47,74,45,84,26,82,25,85,28,78,28,83,28,80,28,0
2025,PICT261024,Triveni Johal,6.0,41,22,36,24,43,24,39,37,43,27,43,25,68,16,66,18,65,17,73,18,63,15,71,14,1
2026,PICT261025,Liam Sodhi,8.16,82,56,89,62,88,64,79,63,84,71,89,60,77,30,76,28,76,28,79,28,79,31,70,31,0
2027,PICT261026,Yauvani Basu,7.55,81,63,78,79,72,78,81,62,82,78,75,70,85,33,80,37,87,32,87,36,85,35,84,34,0
2028,PICT261027,Janya Gulati,4.91,57,47,59,38,57,34,59,46,58,50,60,43,62,21,61,20,63,23,62,22,65,21,65,21,1
2029,PICT261028,Samaksh Kashyap,8.22,79,61,80,48,77,65,79,60,81,57,81,57,78,29,82,26,78,27,81,31,81,29,81,26,0
2030,PICT261029,Pranav Sundaram,8.66,96,78,94,84,90,88,87,77,90,81,89,93,96,41,98,43,95,41,100,41,100,40,95,41,0
2031,PICT261030,Kashish Sodhi,7.16,75,68,71,83,73,79,76,65,73,65,73,76,87,37,81,37,80,37,80,39,80,38,80,39,0
2032,PICT261031,Ekavir Varty,7.76,67,46,71,52,70,63,74,62,67,43,70,49,83,25,84,27,87,28,87,27,86,28,85,27,0
2033,PICT261032,Lopa Gour,6.77,79,70,88,75,88,64,87,58,82,72,84,62,84,34,81,32,81,33,82,35,84,33,83,36,0
2034,PICT261033,Lopa Maharaj,7.96,81,51,77,62,86,60,83,61,77,51,80,53,77,29,79,29,73,28,78,25,80,25,75,28,0
2035,PICT261034,Sathvik Boase,5.38,46,19,45,32,42,28,50,20,43,23,49,24,47,16,54,15,49,15,54,13,53,13,52,14,1
2036,PICT261035,Krishna De,8.26,81,56,84,63,87,54,81,51,80,61,80,57,89,27,89,29,85,26,84,30,92,30,92,28,0
2037,PICT261036,Omaja Kala,8.9,91,71,89,83,93,72,95,70,96,73,96,72,96,40,97,38,94,37,94,40,100,41,100,38,0
2038,PICT261037,Onkar Srinivasan,6.08,58,28,60,32,61,33,62,41,60,41,61,27,55,19,60,15,60,19,64,17,63,19,59,16,1
2039,PICT261038,Brijesh Mahajan,7.18,83,64,79,83,76,67,80,65,82,67,76,82,84,39,85,35,78,37,85,37,84,37,84,35,0
2040,PICT261039,Rachita Pall,8.33,87,67,85,73,77,69,84,70,87,66,87,63,81,34,78,34,82,35,83,38,81,36,85,36,0
2041,PICT261040,Aashi Vohra,7.17,78,56,74,53,71,57,73,43,72,53,68,49,71,28,73,24,77,27,75,24,80,27,71,24,0
2042,PICT261041,Dhriti Master,9.36,87,86,90,79,86,85,89,82,91,95,84,95,94,47,97,43,97,46,97,43,99,44,95,45,0
2043,PICT261042,Jason Parmer,7.47,74,46,74,53,82,61,83,54,82,51,80,55,73,26,81,26,81,28,76,27,77,26,78,28,0
2044,PICT261043,Logan Gaba,9.25,94,79,91,82,94,78,88,84,94,70,90,78,96,37,93,41,92,36,96,40,94,38,93,41,0
2045,PICT261044,Darika Mukherjee,5.83,69,18,66,24,62,29,63,16,63,28,65,32,69,11,69,13,71,9,77,10,78,13,74,11,1
2046,PICT261045,Ekantika Chopra,7.7,89,64,82,48,88,68,79,63,85,63,84,53,77,31,79,26,74,28,78,28,80,27,75,26,0
2047,PICT261046,Yagnesh Borah,5.53,49,44,49,37,47,37,43,35,43,34,46,28,49,21,53,17,55,21,55,18,49,19,54,17,1
2048,PICT261047,Damini Agrawal,7.82,81,59,71,47,71,47,72,46,80,47,73,43,86,28,82,26,87,25,84,25,81,24,83,25,0
2049,PICT261048,Hitesh Pant,6.63,74,57,76,44,72,53,75,50,73,47,77,48,90,28,90,24,90,27,87,26,93,25,84,26,0
2050,PICT261049,Jeremiah Bhakta,7.94,76,80,76,65,76,74,82,75,83,77,76,80,85,36,86,38,84,39,90,35,89,39,87,37,0
2051,PICT261050,Ira Ravel,6.55,74,60,70,77,66,73,72,71,67,66,72,74,84,35,89,37,85,35,83,34,83,32,85,35,0
2052,PICT261051,Balhaar Nadkarni,7.88,79,52,83,65,74,58,77,58,78,52,74,55,84,28,85,27,80,26,79,27,87,28,86,31,0
2053,PICT261052,Yahvi Chand,7.41,89,77,88,61,83,67,88,61,86,64,80,57,90,34,88,35,93,34,93,32,85,34,87,36,0
2054,PICT261053,Nimrat Chand,6.93,70,60,74,53,67,54,66,52,66,52,69,45,88,24,82,27,80,25,83,25,86,24,79,26,0
2055,PICT261054,Azaan Ramanathan,7.1,82,51,75,59,75,64,76,53,74,59,74,48,93,27,92,26,91,28,90,27,93,30,86,29,0
2056,PICT261055,Anusha Anne,6.89,80,43,82,61,88,42,81,54,78,47,86,62,90,25,85,26,90,25,84,23,93,26,87,28,0
2057,PICT261056,Chandran Iyer,7.31,85,51,89,47,85,55,86,50,88,62,88,60,81,29,81,29,81,26,79,27,84,24,87,26,0
2058,PICT261057,Teerth Tara,7.05,82,60,77,65,75,52,82,67,82,70,81,53,82,33,84,33,86,28,85,33,83,28,86,33,0
2059,PICT261058,Saanvi Raval,7.79,87,75,84,78,80,77,78,62,77,59,84,67,84,34,79,35,78,35,77,36,86,35,81,32,0
2060,PICT261059,Radha Ramanathan,7.85,78,67,84,68,87,69,85,61,83,52,83,60,81,31,89,28,86,31,87,29,82,31,81,30,0
2061,PICT261060,Fiyaz Andra,5.02,51,33,52,49,49,34,55,49,48,49,58,37,49,22,45,24,50,22,54,20,52,20,53,20,1
2062,PICT261061,Gaurav Agarwal,7.02,79,82,78,78,78,85,84,77,84,66,80,81,86,35,81,37,81,35,83,38,84,39,78,36,0
2063,PICT261062,Warda Prabhakar,6.8,74,59,69,75,76,77,70,63,70,75,75,63,82,31,73,34,78,35,77,33,80,31,76,35,0
2064,PICT261063,Brijesh Chauhan,5.61,51,39,53,36,57,34,61,39,59,31,53,30,55,17,55,17,57,21,56,17,50,17,54,19,1
2065,PICT261064,Anya Dutta,5.22,52,34,53,29,54,25,58,34,53,27,58,26,74,13,69,11,73,11,67,15,69,11,76,10,1
2066,PICT261065,Timothy Pandya,7.16,75,44,71,48,71,41,71,57,77,42,71,56,78,27,86,24,78,26,82,26,84,26,86,24,0
2067,PICT261066,Sachi Bhavsar,7.24,80,67,87,79,78,79,84,75,81,84,86,81,93,37,85,39,84,39,87,38,91,35,92,40,0
2068,PICT261067,Suhani Rai,4.6,53,52,53,53,50,57,47,45,46,42,49,49,69,24,76,22,69,23,74,23,76,25,77,26,1
2069,PICT261068,Ekavir Sabharwal,4.84,63,16,62,32,60,20,60,27,60,32,65,23,69,11,63,13,69,11,64,11,62,11,69,13,1
2070,PICT261069,Pavani Tank,7.28,78,62,76,66,69,68,69,59,70,69,73,60,85,28,91,29,88,31,94,30,89,30,89,31,0
2071,PICT261070,Maya Mander,6.31,56,21,55,34,56,23,52,34,56,31,55,18,55,14,51,12,56,10,49,13,50,11,49,11,1
2072,PICT261071,Neha Pingle,6.98,75,44,78,63,78,46,73,50,71,43,71,48,88,26,90,28,84,28,88,27,86,27,82,28,0
2073,PICT261072,Sai Chowdhury,7.13,83,79,79,77,84,77,80,77,78,74,82,66,87,39,85,38,93,40,88,39,95,35,88,38,0
2074,PICT261073,Kamya Cheema,6.56,90,66,88,71,81,54,90,64,81,61,85,58,82,30,89,31,83,28,82,31,85,30,81,29,0
2075,PICT261074,Yoshita Karan,7.21,69,70,69,56,74,72,77,59,69,55,74,68,85,33,89,30,88,31,84,31,83,33,91,33,0
2076,PICT261075,Damyanti Mutti,6.82,72,43,75,52,75,44,75,41,75,59,74,54,72,26,73,23,76,24,80,26,79,25,75,26,0
2077,PICT261076,Jagdish Swamy,9.02,94,93,96,87,95,98,99,81,96,82,91,96,96,43,96,46,99,45,98,45,100,42,98,43,0
2078,PICT261077,Nandini Arora,7.82,75,69,79,56,78,57,77,57,80,64,82,55,79,33,87,29,88,31,80,30,79,33,88,29,0
2079,PICT261078,Sanaya Shere,9.75,99,90,96,84,96,83,95,81,100,83,97,93,94,44,94,47,92,46,95,47,89,44,94,47,0
2080,PICT261079,Wazir Comar,8.01,81,67,78,57,83,70,81,52,78,64,78,51,76,31,85,27,78,31,83,28,76,32,78,28,0
2081,PICT261080,Nathan Viswanathan,9.09,86,80,92,96,90,81,86,92,95,95,95,79,92,43,100,44,96,42,96,46,100,44,100,45,0
2082,PICT261081,Zansi Chakrabarti,8.97,96,84,92,86,95,84,95,91,89,97,94,100,92,47,100,49,96,46,99,45,94,44,94,44,0
2083,PICT261082,Mitali Bail,7.19,85,63,89,65,80,72,81,59,82,67,85,71,91,31,89,32,92,30,84,28,85,30,84,32,0
2084,PICT261083,Xiti Dayal,6.84,75,57,77,70,75,60,75,71,71,71,74,65,86,31,82,30,89,33,82,28,83,29,82,32,0
2085,PICT261084,Harini Naik,4.23,61,30,55,25,59,28,62,20,62,27,55,35,72,15,77,14,73,14,73,15,77,15,71,15,1
2086,PICT261085,Vidhi Madan,6.56,75,65,70,60,73,65,67,66,67,66,73,68,86,33,85,32,89,32,83,32,88,36,87,37,0
2087,PICT261086,Fariq Parmar,4.17,47,31,51,30,50,34,44,31,51,20,49,35,57,13,54,11,61,10,63,14,61,10,54,14,1
2088,PICT261087,Bhavani Borde,6.16,58,45,52,41,52,53,55,59,50,44,53,47,76,22,74,25,74,24,79,22,69,26,76,24,1
2089,PICT261088,Wriddhish Purohit,5.94,42,29,47,17,39,24,38,26,46,20,42,29,48,13,56,10,57,12,50,12,51,8,57,9,1
2090,PICT261089,Chakradev Magar,8.7,89,87,89,89,94,97,92,79,96,78,96,87,90,43,87,43,91,44,97,43,94,44,91,41,0
2091,PICT261090,Megha Murty,8.84,92,83,87,76,93,77,91,87,92,82,90,78,85,38,85,37,90,38,94,38,86,41,85,38,0
2092,PICT261091,Nilima Kumer,7.51,73,58,80,67,74,54,74,56,77,59,79,47,76,28,74,27,80,28,80,30,81,27,76,31,0
2093,PICT261092,Aarnav Krish,8.13,76,53,85,58,82,57,80,65,79,60,84,59,82,28,82,30,75,28,74,28,79,28,82,31,0
2094,PICT261093,Mason Babu,7.87,70,49,67,50,77,64,71,62,71,57,68,64,87,26,88,31,81,27,85,30,82,28,87,31,0
2095,PICT261094,Ekbal Suresh,7.18,73,45,77,58,78,57,77,48,81,51,80,52,94,27,88,25,84,23,86,25,90,24,93,25,0
2096,PICT261095,Zilmil Sandhu,6.21,47,43,51,39,46,40,41,45,48,41,49,45,69,23,63,21,71,23,68,22,71,19,71,19,1
2097,PICT261096,Darika Karnik,8.81,94,100,98,91,94,100,95,89,96,92,100,100,98,47,92,44,93,49,89,47,94,44,94,44,0
2098,PICT261097,Tanveer Sharaf,5.99,66,23,67,30,61,27,64,27,66,35,59,37,65,14,64,14,61,14,64,18,59,14,63,17,1
2099,PICT261098,Gunbir Gulati,9.29,99,83,93,93,100,93,93,81,95,86,96,83,92,45,94,44,91,47,87,45,90,43,89,43,0
2100,PICT261099,Udyati Sankaran,6.79,74,47,75,55,69,65,69,53,67,54,74,61,86,28,86,28,80,26,83,28,87,28,80,27,0
2101,PICT261100,Veer Chakraborty,9.52,91,79,98,79,96,78,93,77,96,90,89,77,89,42,94,44,94,41,95,43,98,41,93,41,0
2102,PICT261101,Owen Ahuja,6.71,70,61,76,58,71,68,70,71,70,63,72,61,76,32,79,30,85,30,85,29,76,31,79,31,0
2103,PICT261102,Vihaan Thaker,4.57,51,40,51,35,54,41,54,25,57,32,49,33,54,17,45,16,49,14,54,16,48,17,46,18,1
2104,PICT261103,Zinal Iyengar,7.82,71,70,76,76,75,65,73,73,69,78,73,77,83,38,90,34,88,38,85,36,85,34,84,36,0
2105,PICT261104,Ekaraj Yogi,6.6,79,68,81,68,78,63,78,55,73,67,80,57,87,27,84,27,90,27,91,28,89,29,94,27,0
2106,PICT261105,Leela Mand,8.07,78,57,71,64,70,59,78,51,73,66,78,67,80,28,74,27,72,28,71,27,71,29,77,28,0
2107,PICT261106,Anthony Mallick,8.87,94,80,90,88,91,88,100,72,100,74,98,70,95,42,92,37,100,40,98,38,96,42,98,42,0
2108,PICT261107,Mohini Deep,9.26,93,78,100,83,100,75,100,76,99,80,99,80,95,41,90,43,88,42,95,43,95,41,90,40,0
2109,PICT261108,Hemang Walia,8.95,83,87,87,85,86,89,81,81,86,88,85,78,97,42,94,42,87,39,91,44,95,42,96,44,0
2110,PICT261109,Jeet Date,7.55,77,75,69,67,72,66,76,69,70,66,76,71,88,37,88,33,84,32,87,33,87,37,89,35,0
2111,PICT261110,Daniel Gupta,8.24,70,83,67,77,68,67,73,79,69,68,74,69,76,37,76,38,78,38,76,36,80,37,82,39,0
2112,PICT261111,Advay Dey,8.04,80,58,82,72,80,58,86,70,82,67,83,74,93,31,91,30,87,34,87,35,95,34,93,34,0
2113,PICT261112,Saumya Sankar,9.45,84,73,91,81,86,71,87,73,85,67,85,71,90,36,91,37,94,37,89,37,95,36,96,38,0
2114,PICT261113,Amara Oza,6.24,49,23,52,31,50,30,43,26,44,26,47,28,64,15,69,10,69,14,63,15,70,13,67,10,1
2115,PICT261114,Oscar Parmer,7.09,85,56,87,53,84,50,83,55,86,52,85,56,84,25,80,25,86,28,87,25,82,28,80,25,0
2116,PICT261115,Hiral Johal,6.78,68,52,70,49,65,57,67,54,72,63,75,62,87,27,84,26,87,28,83,25,77,28,79,26,0
2117,PICT261116,Yash Butala,7.96,80,53,83,59,79,47,83,40,79,46,76,59,80,27,84,26,80,27,81,24,87,24,86,24,0
2118,PICT261117,Jhalak Deep,7.78,79,49,77,64,72,66,79,61,81,53,77,63,88,27,90,27,84,28,92,30,91,28,83,28,0
2119,PICT261118,Joshua Batta,7.51,71,66,71,70,71,66,71,71,73,71,74,54,77,32,80,32,74,32,75,30,75,32,76,31,0
2120,PICT261119,Bachittar Varty,6.7,82,65,78,68,77,52,80,52,84,57,84,58,77,32,83,31,76,31,75,31,85,31,84,32,0
2121,PICT261120,Tanmayi Subramanian,9.65,92,77,92,80,91,88,91,79,95,86,91,93,96,40,99,43,95,39,100,40,99,42,100,42,0
2122,PICT261121,Lekha Gara,8.37,86,63,79,57,88,62,85,55,87,51,81,70,81,31,84,31,87,29,84,31,80,30,88,28,0
2123,PICT261122,Zilmil Prabhakar,7.03,72,57,70,67,70,58,79,70,77,56,71,58,81,30,82,32,87,31,83,30,79,31,79,30,0
2124,PICT261123,Anika Patla,4.61,47,50,42,30,45,35,43,39,48,48,44,42,64,22,66,18,56,17,64,22,56,21,58,19,1
2125,PICT261124,Meera Palla,8.23,78,83,71,83,78,72,68,80,70,75,70,72,84,37,87,36,83,37,79,37,79,39,84,37,0
2126,PICT261125,Warinder Misra,7.59,83,70,78,67,82,63,88,61,82,60,88,55,88,31,86,34,86,31,88,29,83,31,84,28,0
2127,PICT261126,Zehaan Vala,7.79,89,64,80,51,82,68,83,62,88,69,83,51,76,28,79,28,78,31,79,28,75,31,82,30,0
2128,PICT261127,Ronith Wason,8.87,91,100,87,82,82,90,91,92,92,100,88,100,96,45,95,44,90,43,96,48,98,43,95,48,0
2129,PICT261128,Oviya Dey,9.23,95,69,89,86,87,75,95,84,94,76,91,74,97,39,100,40,98,40,97,39,98,39,100,40,0
2130,PICT261129,Jai Mallick,7.17,78,71,88,65,80,71,82,75,86,69,85,73,92,33,89,31,83,34,89,32,86,35,84,30,0
2131,PICT261130,Nitesh Sule,4.24,52,19,50,27,54,37,55,35,50,32,50,27,69,12,72,14,70,15,66,15,74,11,68,11,1
2132,PICT261131,Priya Nayak,9.1,90,80,83,97,92,90,83,80,83,85,84,83,96,45,99,42,95,43,94,43,96,46,100,45,0
2133,PICT261132,Jyoti De,6.72,79,75,83,73,73,65,73,63,78,76,82,65,71,37,78,38,72,36,76,37,79,39,80,35,0
2134,PICT261133,Vihaan Rao,6.74,75,48,77,50,76,57,73,49,73,41,76,46,82,27,84,27,83,25,81,25,78,26,79,22,0
2135,PICT261134,Qasim Sarraf,8.28,75,63,76,66,82,73,82,59,75,73,81,74,91,33,94,34,90,32,87,30,88,33,84,34,0
2136,PICT261135,Ayushman Basu,8.0,88,59,88,57,90,55,80,45,87,64,84,58,78,26,79,25,84,25,75,28,81,29,77,25,0
2137,PICT261136,Garima Sandhu,6.88,72,53,77,69,78,63,79,57,82,69,82,59,83,28,91,28,87,32,87,28,86,30,89,30,0
2138,PICT261137,Fiyaz Kunda,8.22,77,61,77,46,76,59,68,53,71,44,69,58,90,25,88,26,94,26,86,28,90,25,95,28,0
2139,PICT261138,Watika Ramakrishnan,7.5,88,54,88,56,83,54,82,58,79,66,82,56,78,28,82,26,82,27,77,29,78,30,78,28,0
2140,PICT261139,Vansha Dhar,7.64,72,56,73,61,80,58,77,58,74,60,81,74,86,30,89,33,91,31,89,33,87,33,92,32,0
2141,PICT261140,Advik Bakshi,6.63,70,60,69,78,68,77,65,62,74,68,65,70,75,33,71,33,76,34,73,36,72,33,71,33,0
2142,PICT261141,Tanveer Sood,7.1,69,81,77,76,78,73,73,83,71,66,69,81,77,38,79,37,72,38,77,35,72,40,78,37,0
2143,PICT261142,Ikbal Chand,9.44,92,89,89,74,96,83,92,82,93,89,89,78,96,40,100,41,100,38,100,40,100,37,100,40,0
2144,PICT261143,Owen Mody,6.54,77,71,78,71,71,68,76,68,77,68,77,71,79,30,86,34,86,30,84,31,80,31,77,34,0
2145,PICT261144,Anirudh Ramaswamy,6.56,79,61,81,50,74,53,82,63,75,48,75,60,90,25,87,28,91,25,94,24,88,26,87,27,0
2146,PICT261145,Yuvraj Saxena,8.82,90,69,92,69,91,71,85,71,86,82,92,65,92,37,93,37,98,35,97,39,88,35,92,37,0
2147,PICT261146,Panini Mody,6.7,78,48,76,63,77,61,77,65,78,57,75,55,89,30,87,28,92,26,89,28,90,27,88,30,0
2148,PICT261147,Omisha Sheth,7.04,85,49,81,59,82,62,84,63,84,56,78,60,89,31,86,31,90,27,85,28,86,28,85,32,0
2149,PICT261148,Shravya Narain,7.54,77,65,74,72,71,67,73,74,71,58,78,60,80,33,88,36,88,35,84,33,79,36,88,34,0
2150,PICT261149,Benjamin Issac,5.64,62,17,60,27,55,31,52,23,54,23,57,18,66,14,68,11,70,10,72,10,65,11,67,12,1
2151,PICT261150,Yash Karnik,6.63,77,77,76,66,85,66,85,69,75,64,79,79,81,33,85,32,90,36,81,36,82,33,89,33,0
2152,PICT261151,Kabir Andra,7.78,85,71,86,71,82,60,81,59,81,70,84,73,90,31,87,29,91,33,91,31,86,31,89,31,0
2153,PICT261152,Ucchal Ramesh,9.41,83,92,90,90,82,94,90,89,84,100,89,90,85,49,92,45,90,47,95,45,93,49,93,49,0
2154,PICT261153,Udarsh Vala,4.75,45,27,36,28,41,27,37,16,40,22,36,15,60,13,58,10,63,8,58,11,63,11,66,12,1
2155,PICT261154,Harshil Gole,7.14,82,66,77,66,77,80,85,71,82,81,82,71,77,34,75,36,78,33,82,35,76,34,80,35,0
2156,PICT261155,Siddharth Subramanian,5.52,58,14,61,27,56,18,63,22,62,19,58,16,54,12,54,9,54,13,56,13,54,12,55,12,1
2157,PICT261156,Balveer Mukhopadhyay,8.16,68,64,69,74,74,69,72,73,70,65,71,76,78,31,82,33,76,34,77,30,84,32,81,34,0
2158,PICT261157,Chaitanya Kade,4.37,39,25,45,38,43,20,47,25,47,27,48,26,68,15,71,16,74,15,68,16,73,17,75,15,1
2159,PICT261158,Garima Gole,9.22,84,75,93,75,94,81,84,93,84,84,92,91,87,39,93,43,92,43,87,42,87,41,87,43,0
2160,PICT261159,Daksha Mane,7.73,74,66,68,76,74,74,76,66,75,62,71,72,88,35,86,33,86,34,89,33,93,34,89,34,0
2161,PICT261160,Ekalinga Grewal,7.74,87,50,90,47,88,53,85,62,88,46,85,50,71,30,75,26,72,28,81,28,75,27,81,26,0
2162,PICT261161,Vidhi Thaman,5.32,45,42,48,37,42,39,41,27,48,29,47,27,55,20,46,19,52,20,48,17,46,16,55,19,1
2163,PICT261162,Bahadurjit Bedi,7.36,72,54,74,60,80,54,73,56,80,54,70,58,83,33,80,33,75,33,77,32,82,31,73,31,0
2164,PICT261163,Harrison Pandey,9.1,98,83,100,97,97,81,97,86,99,89,100,82,88,44,90,45,95,46,86,41,87,43,85,41,0
2165,PICT261164,Parth Bahl,9.73,91,83,86,93,90,97,84,98,85,95,83,96,88,45,94,45,93,44,94,45,85,43,85,42,0
2166,PICT261165,Lakshmi Nanda,7.0,81,72,82,80,78,76,78,71,80,76,82,66,76,39,76,38,74,40,76,35,72,36,77,37,0
2167,PICT261166,Banjeet Balakrishnan,7.47,79,60,69,42,79,52,75,47,76,52,75,44,83,27,78,25,79,24,82,27,87,23,77,25,0
2168,PICT261167,Raksha Naik,9.44,100,82,93,74,94,85,97,73,95,75,100,89,98,39,100,39,95,41,94,41,99,40,100,41,0
2169,PICT261168,Lekha Khalsa,8.0,65,55,73,50,66,49,75,61,73,62,68,43,70,28,70,24,72,28,71,25,78,28,76,28,0
2170,PICT261169,Gabriel Khalsa,6.67,84,43,89,53,82,60,89,60,86,42,81,43,86,25,81,28,83,27,85,26,86,26,87,25,0
2171,PICT261170,Krish Chaudhry,6.19,62,49,66,35,66,36,61,48,64,35,67,48,59,19,53,22,56,21,56,19,53,20,58,20,1
2172,PICT261171,Jhalak Bala,9.23,87,71,87,68,90,72,87,70,83,80,89,77,100,41,97,41,98,41,95,37,93,37,100,38,0
2173,PICT261172,Ekapad Krishna,4.16,54,32,55,38,59,35,59,35,53,30,55,19,67,16,69,14,71,12,64,15,67,16,67,12,1
2174,PICT261173,Panini Lanka,6.65,74,77,73,75,74,75,83,65,83,75,79,83,84,34,84,36,92,36,87,36,86,35,91,36,0
2175,PICT261174,Agastya Pathak,6.19,39,27,38,17,44,25,39,14,41,19,44,21,61,9,61,12,60,12,69,12,60,9,67,13,1
2176,PICT261175,Peter Bhatti,6.98,71,65,79,61,69,60,75,66,76,59,73,79,83,34,84,32,84,32,81,36,86,33,87,35,0
2177,PICT261176,Rachita Walia,7.76,82,68,87,49,84,52,84,53,86,58,83,54,81,31,84,30,90,26,84,27,85,28,80,31,0
2178,PICT261177,Bishakha Singh,9.05,91,88,96,83,93,97,93,97,87,97,96,100,92,45,92,47,88,44,92,47,92,45,90,49,0
2179,PICT261178,Avni Anne,6.14,47,43,46,49,50,46,47,49,46,52,55,40,67,20,68,23,75,22,76,22,72,20,74,22,1
2180,PICT261179,Zaid Saxena,7.23,89,52,88,59,84,54,84,61,89,61,82,56,78,31,76,28,77,31,79,28,76,31,77,30,0
2181,PICT261180,Barkha Radhakrishnan,6.98,73,41,76,49,75,52,73,60,74,53,79,44,84,26,89,26,83,24,90,26,90,22,85,24,0
2182,PICT261181,Nilima Verma,8.22,84,79,86,78,86,70,79,80,87,79,81,80,83,35,73,35,79,37,76,36,80,38,81,37,0
2183,PICT261182,Urvi Hayre,8.94,86,88,85,86,90,79,93,73,85,85,87,85,94,38,95,42,98,40,98,41,98,38,95,37,0
2184,PICT261183,Gopal Saha,7.99,87,67,83,65,79,63,83,64,82,68,78,55,80,30,75,31,79,31,74,28,77,28,80,33,0
2185,PICT261184,Qadim Shan,8.35,74,58,76,61,69,48,69,58,69,61,66,47,85,25,88,25,84,26,88,28,81,27,81,26,0
2186,PICT261185,Anay Krishna,6.89,77,42,79,43,85,42,82,47,82,42,85,60,94,28,90,28,86,24,92,25,90,23,90,23,0
2187,PICT261186,Timothy Wagle,7.58,77,57,68,62,77,65,71,63,69,62,77,54,83,30,89,26,84,25,87,28,83,27,81,25,0
2188,PICT261187,Qadim Das,6.95,85,78,85,68,83,79,76,84,81,81,75,75,79,36,72,37,79,37,78,35,82,36,81,39,0
2189,PICT261188,Osha Nath,7.91,85,71,80,56,86,62,76,67,85,57,86,58,84,34,91,32,90,32,86,34,81,30,81,31,0
2190,PICT261189,Garima Khosla,6.62,86,65,79,63,83,72,88,69,81,63,82,77,93,32,86,36,86,34,86,36,92,36,88,33,0
2191,PICT261190,Bahadurjit Ghose,7.97,79,70,75,62,78,50,76,59,73,51,78,67,87,29,83,32,86,32,89,32,92,31,87,30,0
2192,PICT261191,Jairaj Seth,5.0,46,42,42,36,46,40,39,49,45,45,43,35,45,22,48,22,51,23,51,22,47,20,45,21,1
2193,PICT261192,Balhaar Tandon,7.81,81,68,76,66,78,72,77,70,79,60,81,63,81,33,76,28,76,28,82,31,76,28,80,32,0
2194,PICT261193,Devika Biswas,8.78,88,71,86,68,95,71,91,84,93,68,95,79,99,36,92,40,98,38,92,36,90,38,94,40,0
2195,PICT261194,Nitesh Lata,8.95,96,77,97,77,98,75,96,91,91,83,95,80,90,43,99,41,94,44,95,41,94,42,95,40,0
2196,PICT261195,Ronith Kari,8.26,71,53,74,67,71,49,75,63,70,61,70,59,84,28,75,29,76,31,80,27,82,28,81,29,0
2197,PICT261196,Urmi Karnik,8.98,83,92,91,86,87,94,85,90,84,97,92,95,99,47,99,45,94,48,98,45,92,47,93,44,0
2198,PICT261197,Zayan Cherian,6.7,83,60,82,60,83,61,75,58,80,72,81,73,83,30,79,32,79,33,81,33,76,32,84,33,0
2199,PICT261198,Harish Ratta,8.11,75,76,71,81,79,77,72,70,71,65,70,81,87,35,82,34,81,35,81,34,84,36,82,38,0
2200,PICT261199,Ubika Lata,9.05,94,83,89,89,94,93,91,95,94,94,89,98,95,48,100,48,99,47,100,44,98,44,96,47,0
2201,PICT261200,Yash Kurian,7.81,76,63,71,69,73,64,70,77,75,73,70,83,93,35,85,39,85,37,89,39,88,37,90,38,0
2202,PICT261201,Bahadurjit Chadha,9.56,91,76,95,76,94,80,92,79,95,82,98,93,97,43,95,41,93,45,99,44,96,42,94,43,0
2203,PICT261202,Sachi Bajwa,7.39,72,61,75,63,77,74,77,70,82,64,77,72,94,35,87,37,85,33,93,34,91,37,91,36,0
2204,PICT261203,Vedhika Sathe,9.05,100,81,99,90,100,82,94,93,95,81,94,79,91,41,94,40,92,39,95,40,90,43,92,41,0
2205,PICT261204,Zehaan Kale,5.77,48,51,52,46,44,43,52,51,46,39,50,32,53,21,58,18,56,22,55,18,58,23,52,21,1
2206,PICT261205,Aarini Chad,6.03,52,49,49,45,48,56,51,58,49,44,57,48,70,25,78,25,74,24,77,23,77,24,74,23,1
2207,PICT261206,Qushi Aggarwal,6.28,63,31,60,46,62,30,61,33,65,37,67,46,66,22,65,21,59,18,63,20,57,18,58,17,1
2208,PICT261207,Jeevika Bala,7.23,78,64,76,75,73,69,77,64,76,76,72,73,89,38,91,37,92,37,83,34,91,38,88,38,0
2209,PICT261208,Chaman Bala,4.75,52,38,50,29,51,30,46,22,43,31,45,37,68,15,67,13,74,18,68,16,69,17,69,15,1
2210,PICT261209,Ikshita Kota,8.22,84,52,84,54,82,58,87,69,83,50,82,61,73,30,81,29,79,32,72,28,76,28,75,32,0
2211,PICT261210,Mason Mandal,5.75,59,46,64,29,62,39,61,46,56,31,65,33,61,21,64,20,56,21,54,21,55,20,61,17,1
2212,PICT261211,Laksh Naidu,9.31,93,92,90,92,90,91,88,79,87,86,90,83,93,40,98,38,92,41,94,41,98,41,92,38,0
2213,PICT261212,Anita Thaman,4.9,58,34,64,34,59,39,61,34,58,37,61,35,70,12,69,16,73,17,70,13,73,17,64,15,1
2214,PICT261213,Mitali Mannan,5.36,47,46,39,38,47,39,46,36,38,42,47,43,75,19,74,18,70,19,74,17,67,20,75,19,1
2215,PICT261214,Hemal Padmanabhan,7.29,80,63,72,51,72,50,78,62,71,67,79,51,82,28,88,27,91,32,81,27,91,27,91,27,0
2216,PICT261215,Urvi Ganguly,6.2,57,23,61,25,52,41,57,22,55,30,56,36,47,17,49,17,55,17,47,13,48,15,54,16,1
2217,PICT261216,David Mandal,6.54,69,60,75,53,76,62,73,71,72,56,71,57,89,32,86,30,88,28,82,28,85,30,87,31,0
2218,PICT261217,Bimala Bassi,7.32,82,74,86,70,86,63,81,71,80,69,84,75,83,36,88,33,86,37,85,37,82,37,86,35,0
2219,PICT261218,Ishwar Keer,8.95,92,83,93,89,98,72,93,74,98,75,91,85,92,41,93,38,95,37,94,40,94,40,91,40,0
2220,PICT261219,Gautam Nadig,7.47,79,64,82,71,75,65,84,76,82,72,82,66,75,31,72,31,81,31,72,30,81,34,80,32,0
2221,PICT261220,Falak Krishnan,4.63,59,31,59,23,57,17,56,30,62,24,54,29,66,10,59,13,63,12,64,10,65,14,66,11,1
2222,PICT261221,Jason Kadakia,4.54,57,20,57,22,55,21,62,28,56,27,62,32,72,13,77,11,73,9,76,8,77,13,76,11,1
2223,PICT261222,Charan Bedi,6.52,79,53,74,56,74,60,75,63,70,61,73,60,85,27,85,26,86,28,80,30,80,28,79,27,0
2224,PICT261223,Aradhana Munshi,5.11,39,21,44,34,41,36,44,35,41,30,39,25,69,13,65,15,69,14,69,14,69,16,70,14,1
2225,PICT261224,William Vaidya,7.95,84,56,80,65,83,68,83,58,88,55,79,59,77,29,77,30,77,28,71,32,79,30,76,30,0
2226,PICT261225,Girish Dhingra,6.8,84,68,83,60,83,61,81,72,78,71,80,71,81,34,78,33,85,35,83,37,85,33,87,35,0
2227,PICT261226,Chameli Varma,8.79,81,77,90,93,90,79,91,79,85,77,88,97,91,45,91,44,95,43,96,44,93,41,93,41,0
2228,PICT261227,Yashodhara Raj,7.5,66,65,70,64,74,64,67,78,73,72,75,76,80,34,82,36,85,32,82,34,86,33,81,34,0
2229,PICT261228,Triya Dutta,7.74,75,71,70,70,74,62,71,74,77,62,72,76,73,36,75,35,77,38,80,33,71,36,76,37,0
2230,PICT261229,Ojasvi Munshi,4.85,55,33,58,24,55,37,51,21,58,22,52,20,57,13,58,16,52,13,53,12,56,16,55,11,1
2231,PICT261230,Bhavya Chhabra,6.81,77,77,84,72,76,81,81,75,76,64,83,73,79,35,86,38,82,38,79,36,85,35,89,36,0
2232,PICT261231,Elijah Memon,9.78,98,98,95,84,92,82,97,82,100,95,93,83,98,44,100,47,97,46,100,45,100,47,95,47,0
2233,PICT261232,Dayita Varty,6.61,78,50,76,57,77,69,75,56,70,62,75,62,81,32,86,31,82,27,91,30,88,27,89,27,0
2234,PICT261233,Reva Vora,4.18,55,42,60,52,61,53,62,44,60,41,60,39,56,22,55,24,56,24,55,22,51,23,53,20,1
2235,PICT261234,Kala Bumb,7.29,77,67,74,81,77,70,82,73,81,73,81,65,89,37,86,37,83,35,84,36,85,35,88,38,0
2236,PICT261235,Chanakya Salvi,8.0,73,67,74,64,72,63,82,69,79,61,79,76,88,33,87,34,81,32,84,37,82,37,87,35,0
2237,PICT261236,Bhavini Rajagopal,5.1,44,54,52,55,51,47,52,37,46,41,44,43,68,22,67,22,64,21,59,23,59,20,68,22,1
2238,PICT261237,Yutika Narayan,8.15,80,56,82,65,85,66,81,75,87,62,79,71,81,30,75,33,80,34,80,32,74,32,76,34,0
2239,PICT261238,Yahvi Mall,6.74,80,57,82,55,84,52,85,67,85,61,81,59,78,30,79,32,81,32,80,30,84,31,81,33,0
2240,PICT261239,Nidhi Toor,7.41,65,71,71,74,73,73,68,62,66,65,66,74,85,32,86,35,78,35,78,31,82,36,84,36,0
2241,PICT261240,Victor Patil,8.3,68,55,78,59,75,71,74,70,76,63,68,63,76,28,75,31,71,33,74,31,75,31,75,28,0
2242,PICT261241,Jeremiah Sane,9.22,89,91,89,92,84,89,90,80,84,81,92,87,99,42,98,41,100,41,95,44,96,45,95,40,0
2243,PICT261242,Guneet Amble,7.91,74,60,80,71,75,62,74,75,70,59,79,74,86,33,92,33,85,36,88,35,83,31,86,32,0
2244,PICT261243,Netra Mannan,8.75,96,90,93,84,91,90,91,88,96,96,95,95,88,46,90,48,90,43,94,46,86,47,93,44,0
2245,PICT261244,Megha Memon,6.96,76,53,69,44,76,45,71,57,70,55,73,42,74,26,79,23,82,28,82,28,78,25,76,26,0
2246,PICT261245,Lohit Devan,4.88,44,52,43,49,50,35,45,34,45,35,44,42,55,22,56,23,59,20,57,20,61,23,56,21,1
2247,PICT261246,Ishwar Keer,9.22,98,100,98,94,91,90,95,90,90,98,95,100,96,48,98,46,94,47,95,46,95,45,91,46,0
2248,PICT261247,Ladli Mani,6.8,76,49,68,45,71,63,71,56,72,52,68,56,72,27,73,28,73,30,80,30,72,27,70,26,0
2249,PICT261248,Kritika Dhar,8.99,100,80,97,73,99,90,94,88,97,89,100,90,99,42,98,38,96,38,96,40,100,42,100,41,0
2250,PICT261249,Zaitra Oommen,5.34,53,40,54,31,47,40,47,33,44,35,50,29,77,14,67,14,73,14,76,13,70,16,77,17,1
2251,PICT261250,Baljiwan Manda,7.61,82,70,82,68,77,59,81,57,79,69,76,56,81,33,82,30,79,29,81,28,79,33,77,30,0
2252,PICT261251,Hema Sant,7.42,71,61,69,61,76,75,79,66,77,58,79,65,83,31,82,32,91,31,91,34,83,31,89,33,0
2253,PICT261252,Harshil Venkataraman,6.96,82,71,77,65,83,68,81,72,77,60,87,70,82,33,83,30,85,31,84,30,91,33,82,33,0
2254,PICT261253,Rajeshri Shanker,6.99,84,69,84,54,75,69,75,74,81,67,80,65,90,33,91,34,89,32,90,34,92,30,89,31,0
2255,PICT261254,Ekantika Oommen,6.78,76,73,72,83,78,75,73,80,79,74,72,73,93,35,84,38,87,36,90,34,83,37,91,38,0
2256,PICT261255,Kamala Raj,8.29,73,71,81,79,79,79,74,76,78,68,82,71,85,36,82,38,79,35,83,37,80,38,79,34,0
2257,PICT261256,Idika Loyal,7.99,70,71,77,74,74,73,69,58,75,75,72,67,82,31,90,32,86,35,82,31,86,36,89,35,0
2258,PICT261257,Vedika Krishnamurthy,8.26,70,68,78,58,68,69,75,56,77,72,73,63,77,32,80,34,75,32,78,35,71,33,71,31,0
2259,PICT261258,Kiaan Shroff,7.7,72,60,70,58,78,65,74,62,80,67,74,58,87,28,83,31,87,27,85,31,85,32,92,28,0
2260,PICT261259,Nihal Nadkarni,7.97,78,75,80,85,88,67,86,71,84,69,86,66,85,37,88,38,87,37,84,39,88,35,82,38,0
2261,PICT261260,Quincy Trivedi,7.56,89,73,88,72,80,70,84,68,83,63,80,61,95,33,92,31,88,30,85,32,93,28,91,31,0
2262,PICT261261,Ishwar Choudhry,9.6,96,84,89,87,97,100,88,100,91,100,88,89,97,45,100,44,93,46,93,46,94,44,100,46,0
2263,PICT261262,Aachal Dalal,6.99,89,73,82,66,82,66,82,64,88,68,85,60,83,34,90,32,86,32,85,34,89,34,93,30,0
2264,PICT261263,Kala Chadha,7.64,79,57,72,65,74,71,74,77,78,75,71,57,81,33,78,32,87,35,85,32,88,34,78,36,0
2265,PICT261264,Siya Rastogi,7.94,70,71,75,62,66,57,74,57,67,63,71,58,87,33,85,30,89,33,79,31,84,33,87,32,0
2266,PICT261265,Nilima Garde,8.07,77,54,69,61,78,46,72,62,74,45,73,55,84,25,80,28,83,27,84,28,82,26,84,28,0
2267,PICT261266,Falan Buch,8.06,77,45,81,65,77,50,81,57,78,63,72,55,91,28,85,26,82,27,84,28,87,30,85,25,0
2268,PICT261267,Idika Garde,7.17,80,53,80,57,74,48,81,53,76,49,77,44,80,25,83,25,83,28,89,25,88,27,89,26,0
2269,PICT261268,Andrew Kaul,4.56,38,37,38,47,46,50,46,42,39,32,40,48,49,17,55,19,55,21,50,18,55,18,53,19,1
2270,PICT261269,Nisha Sengupta,8.33,68,70,69,75,70,70,74,69,69,77,70,79,82,36,88,36,84,36,83,32,88,36,86,34,0
2271,PICT261270,Anya Kothari,7.01,88,58,84,52,80,60,89,50,81,49,85,55,91,28,94,28,87,28,90,26,92,26,90,28,0
2272,PICT261271,Hardik Varughese,9.69,96,87,94,96,95,84,98,78,100,83,96,81,100,45,97,40,97,42,95,42,100,43,100,45,0
2273,PICT261272,Ganga Sule,5.26,41,49,50,39,49,59,51,49,41,52,45,56,60,27,54,25,62,24,61,27,54,24,55,27,1
2274,PICT261273,Hemangini Balay,7.96,80,67,75,60,79,55,80,57,84,60,75,74,75,31,78,34,79,33,80,33,78,33,79,29,0
2275,PICT261274,Watika Memon,5.39,44,53,40,44,49,43,43,54,44,44,45,60,57,23,65,26,64,27,57,27,57,24,56,27,1
2276,PICT261275,Leena Desai,8.94,90,80,91,87,88,75,87,85,82,70,82,87,99,41,96,37,100,41,96,37,96,39,95,42,0
2277,PICT261276,Brijesh Hora,7.85,72,71,67,72,73,61,76,71,71,65,72,62,90,31,91,31,84,34,90,33,87,34,90,32,0
2278,PICT261277,Gagan Pillay,8.7,89,77,88,80,92,82,90,69,91,65,92,81,94,37,86,37,92,36,89,37,93,36,91,36,0
2279,PICT261278,Kavya Cherian,8.11,67,69,73,63,75,62,72,58,71,66,71,69,78,30,82,31,81,32,75,30,81,32,84,30,0
2280,PICT261279,Zaitra Sabharwal,7.53,78,77,83,68,78,81,84,74,76,81,83,73,93,36,92,33,93,33,93,36,83,36,87,37,0
2281,PICT261280,Hemangini Kothari,5.36,37,56,39,41,36,53,45,45,38,43,42,48,68,25,71,22,64,22,65,20,63,20,69,22,1
2282,PICT261281,Champak Gokhale,9.14,86,76,85,75,89,81,88,80,90,76,84,76,95,45,92,40,92,40,94,43,92,41,99,42,0
2283,PICT261282,Janaki Bawa,7.68,76,79,73,85,73,75,72,82,76,84,72,65,76,38,80,39,75,35,79,36,74,38,76,39,0
2284,PICT261283,Aahana Korpal,5.4,41,47,45,41,45,49,37,47,39,39,46,55,67,24,60,21,63,22,64,21,59,23,60,24,1
2285,PICT261284,Indali Lala,9.32,91,94,90,91,85,91,89,100,88,86,86,98,96,48,96,45,95,45,97,47,96,49,90,48,0
2286,PICT261285,Victor Ganguly,7.99,72,52,74,55,77,53,77,45,75,55,68,42,92,27,85,25,84,23,90,24,87,24,89,26,0
2287,PICT261286,Tanish Kapoor,7.69,83,60,80,60,88,71,88,65,89,61,81,76,85,32,86,34,78,35,82,37,86,35,80,35,0
2288,PICT261287,Omkaar Pandey,6.17,65,32,66,35,62,52,62,36,68,40,64,49,79,21,70,22,75,23,71,23,76,22,72,21,0
2289,PICT261288,Balhaar Hari,7.26,80,75,77,73,86,60,81,76,83,62,84,74,87,34,84,33,79,36,86,36,80,36,85,33,0
2290,PICT261289,Dhruv Vyas,8.86,85,88,85,79,88,79,89,89,87,80,88,94,98,44,95,42,96,43,96,44,94,44,98,45,0
2291,PICT261290,Sudiksha Shroff,7.37,71,73,65,76,75,80,71,77,67,66,69,78,80,37,79,37,77,38,76,39,72,39,75,39,0
2292,PICT261291,Madhav Krishnamurthy,9.65,99,94,100,100,96,85,97,91,91,92,97,87,99,44,92,44,98,46,98,44,93,44,99,46,0
2293,PICT261292,Vedhika Kurian,9.41,81,79,83,87,88,88,87,72,84,86,86,86,100,39,100,38,93,39,96,41,93,42,97,38,0
2294,PICT261293,Nimrat Ahuja,9.66,100,73,100,78,100,67,99,78,96,76,96,74,97,40,100,41,92,37,99,40,98,37,95,41,0
2295,PICT261294,Sneha Shanker,8.03,74,68,75,65,73,62,73,65,75,78,67,63,81,34,73,35,77,34,80,37,81,37,78,34,0
2296,PICT261295,Vritti Ranganathan,6.13,53,37,55,46,55,28,58,33,55,33,60,33,56,19,49,16,52,19,58,18,56,17,49,16,1
2297,PICT261296,Jasmit Gokhale,7.89,82,58,84,51,83,48,76,51,80,56,79,55,81,27,77,28,74,25,82,24,74,23,77,25,0
2298,PICT261297,Lopa Muni,8.0,81,59,77,62,75,66,74,65,76,56,80,74,80,34,76,31,84,29,84,30,79,30,80,33,0
2299,PICT261298,Bhanumati Kata,6.87,81,57,81,42,84,50,85,44,84,46,85,44,92,26,84,26,87,27,89,28,88,25,87,27,0
2300,PICT261299,Shaurya Goyal,8.33,81,51,83,68,82,59,88,67,78,52,83,57,84,31,77,32,78,30,75,31,81,31,77,30,0
2301,PICT261300,Nathan Rajagopalan,7.95,72,72,77,80,78,74,82,68,78,68,75,76,88,35,90,36,92,35,85,35,83,39,84,37,0
2302,PICT261301,Jalsa Sidhu,7.66,84,53,78,44,81,43,85,51,86,56,80,41,75,23,82,27,85,22,83,27,85,24,82,24,0
2303,PICT261302,Faqid Vig,6.71,79,63,82,82,86,76,76,81,85,75,76,64,75,39,84,35,81,37,79,37,81,38,83,38,0
2304,PICT261303,Caleb Sengupta,9.37,84,91,82,86,85,95,83,98,88,89,84,98,94,48,88,46,95,45,89,48,94,45,88,47,0
2305,PICT261304,Damyanti Rajan,9.68,91,75,98,73,97,82,97,81,100,80,100,76,99,41,100,41,95,40,95,41,100,40,100,40,0
2306,PICT261305,Vasana Balasubramanian,5.05,51,17,49,27,51,22,50,32,49,28,48,15,78,14,76,14,76,11,75,9,79,10,71,14,1
2307,PICT261306,Christopher Shere,5.99,56,27,58,28,59,31,50,25,54,33,49,33,66,10,65,12,66,10,67,9,57,13,62,10,1
2308,PICT261307,Nathaniel Bhatt,8.32,79,67,84,57,83,54,88,53,81,56,84,57,81,28,82,26,89,28,85,27,81,26,86,31,0
2309,PICT261308,Anirudh Sheth,7.38,81,60,85,65,82,76,86,61,81,74,83,72,84,32,88,35,80,36,80,36,83,35,80,35,0
2310,PICT261309,Udant Borah,6.76,72,63,69,63,72,63,70,71,72,64,68,59,94,30,89,32,88,28,93,29,88,31,86,32,0
2311,PICT261310,Vivaan Chanda,7.3,83,78,86,66,77,78,85,62,84,62,83,64,82,33,76,37,78,33,77,33,76,35,81,35,0
2312,PICT261311,Aarna Deol,7.58,76,64,73,56,79,60,82,61,75,67,77,56,91,32,90,32,86,35,89,32,86,31,88,34,0
2313,PICT261312,Irya Thakur,6.64,81,62,84,46,82,56,82,46,83,45,87,58,83,28,86,29,78,24,81,28,88,28,84,28,0
2314,PICT261313,Prisha Pau,8.39,79,74,81,61,81,62,78,66,71,71,75,78,78,36,76,34,85,36,78,37,77,36,76,38,0
2315,PICT261314,Ethan Gour,7.51,74,46,70,61,71,55,69,58,72,41,69,47,90,26,90,27,83,25,92,25,90,25,90,24,0
2316,PICT261315,Arya Balan,6.98,73,77,71,64,78,64,75,81,70,82,75,69,86,34,91,37,91,38,90,38,88,38,84,36,0
2317,PICT261316,Balvan Nori,8.17,67,69,67,68,68,78,68,70,71,61,67,72,81,32,74,35,75,32,76,35,78,33,78,34,0
2318,PICT261317,Krish Saraf,7.69,80,58,88,48,81,66,82,57,86,49,85,49,74,29,84,26,75,27,77,29,80,26,83,28,0
2319,PICT261318,Riya Chandran,5.39,46,28,45,11,46,11,37,11,36,15,43,24,65,9,64,8,59,12,56,9,55,10,55,9,1
2320,PICT261319,Anvi Dubey,9.14,98,83,91,94,91,89,91,93,91,91,94,83,99,44,93,41,98,40,93,44,95,44,94,41,0
2321,PICT261320,Ira Pingle,7.76,81,78,77,78,85,70,83,78,78,75,85,64,74,37,81,36,82,37,76,35,76,34,73,38,0
2322,PICT261321,Meghana Kala,5.1,43,31,46,31,42,41,44,34,39,26,43,22,72,18,73,16,65,14,73,15,73,16,68,13,1
2323,PICT261322,Manthan Wadhwa,6.69,80,58,82,41,82,40,82,53,74,46,82,59,82,23,82,27,89,27,83,25,81,23,84,25,0
2324,PICT261323,Saksham Gulati,9.76,100,100,97,96,98,93,98,100,100,92,99,99,95,48,98,46,96,45,91,47,90,47,89,48,0
2325,PICT261324,William Prabhu,8.34,77,68,82,66,79,66,81,57,73,55,78,58,86,31,84,29,84,33,90,29,86,29,86,32,0
2326,PICT261325,Hamsini Gala,5.06,48,46,55,40,52,30,52,48,55,32,52,30,72,17,75,20,72,20,74,17,70,21,77,18,1
2327,PICT261326,Darika Din,7.82,73,73,76,67,71,60,73,73,70,73,77,69,90,34,93,33,91,36,87,37,90,34,86,32,0
2328,PICT261327,Arunima Manda,5.83,52,45,50,37,53,40,47,39,52,40,54,49,71,17,63,22,69,18,65,21,69,20,67,19,1
2329,PICT261328,Gaurang Som,8.37,75,51,79,54,71,65,76,50,78,58,74,52,82,30,84,28,87,28,82,27,77,26,81,28,0
2330,PICT261329,Ishani Thakur,9.78,96,81,100,81,92,82,98,80,98,80,100,69,100,36,99,39,94,39,97,36,96,35,92,37,0
2331,PICT261330,Sudiksha Madan,7.38,80,78,77,82,82,64,77,62,85,68,84,71,85,33,83,34,85,35,78,37,84,38,77,35,0
2332,PICT261331,Yashvi Kumer,8.05,70,79,71,70,71,79,72,81,69,81,70,66,86,37,78,36,86,38,79,34,83,34,78,34,0
2333,PICT261332,Rayaan Boase,6.59,76,62,71,71,77,60,73,64,75,55,73,60,85,30,88,33,79,33,83,29,86,32,81,31,0
2334,PICT261333,Oni Acharya,7.78,89,58,89,55,87,52,80,61,84,64,84,52,89,24,86,24,91,27,88,26,89,26,92,29,0
2335,PICT261334,Yashodhara Pathak,7.52,81,58,80,53,84,44,86,42,84,46,82,46,80,25,86,25,84,26,88,26,88,24,82,25,0
2336,PICT261335,Ikshita Kapur,7.88,76,50,83,62,77,56,74,61,83,63,78,56,86,32,82,28,79,30,80,27,80,30,82,31,0
2337,PICT261336,Isaac Kala,7.32,73,70,77,56,78,69,75,60,74,60,73,55,84,30,84,33,83,30,81,28,84,30,88,29,0
2338,PICT261337,Turvi Basak,7.79,75,74,66,65,67,79,72,61,74,69,68,80,72,35,81,32,75,34,76,32,75,37,71,36,0
2339,PICT261338,Sachi Goswami,7.07,78,54,75,64,75,59,81,67,78,52,74,65,76,28,77,27,74,27,78,28,80,26,84,30,0
2340,PICT261339,Vritti Halder,4.81,54,46,61,43,60,38,52,42,62,49,55,40,63,23,60,25,55,23,57,23,61,25,58,22,1
2341,PICT261340,Zansi Dass,7.89,84,58,76,61,80,66,79,60,82,57,78,74,83,34,77,32,74,30,73,31,77,33,81,29,0
2342,PICT261341,Nidhi Mani,7.81,76,56,69,59,78,67,70,59,79,61,78,69,78,35,82,33,77,34,78,31,83,32,79,30,0
2343,PICT261342,Bhanumati Narang,6.57,78,59,77,71,74,60,80,72,77,76,74,60,79,31,82,33,79,32,83,33,82,32,79,35,0
2344,PICT261343,Timothy Deshmukh,8.31,87,49,83,51,88,50,80,63,85,56,88,53,71,27,75,27,79,26,74,25,75,26,71,27,0
2345,PICT261344,Samesh Sunder,7.96,82,65,81,51,76,68,78,65,81,68,76,61,84,27,87,27,85,31,88,28,93,26,93,30,0
2346,PICT261345,Dipta Sama,8.31,78,58,78,70,78,59,78,69,75,64,77,66,78,33,83,33,85,35,76,31,83,34,80,32,0
2347,PICT261346,Lekha Prabhu,7.76,73,64,77,74,80,76,76,66,81,71,81,64,77,31,77,34,75,33,79,35,75,32,75,33,0
2348,PICT261347,Ekani Kulkarni,4.42,55,52,53,44,53,41,57,40,50,52,56,54,67,22,72,24,69,26,76,25,67,25,70,25,1
2349,PICT261348,Yashawini Soman,7.29,84,67,79,53,83,58,75,52,81,58,81,61,82,26,81,27,85,27,82,28,86,30,85,28,0
2350,PICT261349,Anika Bhatia,6.94,81,59,73,51,79,41,81,41,76,59,73,50,84,23,84,22,86,26,86,26,80,23,87,24,0
2351,PICT261350,Pranav Oommen,5.91,67,38,57,34,59,38,57,45,58,33,63,36,71,19,72,23,74,19,78,23,76,22,77,23,1
2352,PICT261351,Madhavi Roy,7.96,71,68,81,60,77,60,77,61,78,49,74,58,83,28,85,31,89,31,90,30,84,29,85,29,0
2353,PICT261352,Balveer Mammen,7.47,76,70,78,57,83,57,73,58,83,58,81,59,85,34,80,34,84,29,81,34,79,29,81,30,0
2354,PICT261353,Yashasvi Sathe,5.66,61,30,57,42,59,23,55,25,58,35,60,24,76,15,71,15,76,14,67,16,66,15,76,18,1
2355,PICT261354,Triya Sampath,7.99,76,55,73,55,67,54,70,61,72,72,71,62,82,33,80,28,88,32,84,32,85,33,89,33,0
2356,PICT261355,Naksh Narasimhan,7.07,79,49,79,56,87,55,86,48,79,60,80,60,83,26,90,25,89,25,92,27,83,23,84,22,0
2357,PICT261356,Max Raval,8.0,83,49,79,59,86,61,83,52,88,56,83,67,94,30,93,26,92,28,90,26,87,26,90,26,0
2358,PICT261357,Aarnav Goel,9.16,98,98,92,84,100,85,98,100,94,86,97,100,95,46,100,48,100,46,99,47,96,44,100,44,0
2359,PICT261358,Bimala Dutta,8.31,81,49,77,57,84,60,83,64,78,62,78,54,88,28,88,32,88,28,81,27,82,27,88,31,0
2360,PICT261359,Inaya Upadhyay,7.51,68,73,69,73,68,68,78,70,76,70,71,68,79,29,84,34,86,33,77,32,86,29,82,33,0
2361,PICT261360,Saumya Dugal,8.61,100,84,99,92,97,82,92,78,99,88,94,91,93,43,96,41,97,45,100,44,91,44,97,43,0
2362,PICT261361,Turvi Lad,6.61,73,67,69,75,71,63,75,67,74,74,70,65,80,35,81,34,86,33,81,37,87,36,90,34,0
2363,PICT261362,Barkha Joshi,4.85,62,35,64,31,60,22,60,35,64,25,61,31,79,15,80,16,71,17,75,13,75,15,70,13,1
2364,PICT261363,Damyanti Rege,8.24,85,70,85,65,82,81,87,78,85,72,82,78,88,39,88,37,89,35,86,38,85,34,81,34,0
2365,PICT261364,Pushti Solanki,6.81,78,64,83,67,78,65,88,57,78,67,83,66,72,33,82,32,74,29,75,30,79,34,73,30,0
2366,PICT261365,Jason Kota,7.82,74,60,76,64,71,57,67,69,74,73,68,62,83,34,82,31,87,34,88,32,91,30,83,31,0
2367,PICT261366,Tamanna Nadig,8.37,83,63,77,54,82,56,80,52,75,50,83,57,94,27,84,30,91,30,94,30,91,30,93,25,0
2368,PICT261367,Jeremiah Gour,7.63,77,54,78,52,75,51,74,54,74,48,76,66,86,27,85,29,87,31,88,30,90,26,87,29,0
2369,PICT261368,Timothy Ghosh,7.68,74,55,69,58,70,67,70,55,67,71,67,60,87,31,80,31,87,33,90,30,81,34,89,34,0
2370,PICT261369,Lucky Soni,7.74,79,59,82,61,80,63,75,56,77,60,85,58,86,26,88,28,85,29,85,31,81,28,87,31,0
2371,PICT261370,Jairaj Kaur,5.69,43,18,44,19,40,31,39,12,40,15,41,13,67,11,69,12,65,9,61,9,60,10,64,9,1
2372,PICT261371,Joshua Char,8.54,92,100,99,96,90,99,97,99,96,90,94,85,96,48,92,44,93,44,94,48,90,45,90,46,0
2373,PICT261372,Manthan Rajagopalan,6.51,73,57,66,58,65,46,67,60,69,50,65,51,72,24,74,24,71,23,79,27,74,27,78,25,0
2374,PICT261373,Amol Balasubramanian,8.2,72,71,76,53,82,56,79,53,72,51,80,59,79,28,86,28,80,28,77,32,83,28,78,32,0
2375,PICT261374,Avni Peri,7.01,75,65,75,60,80,57,74,55,74,64,72,56,85,31,83,28,87,31,86,30,86,27,85,30,0
2376,PICT261375,Theodore Saraf,5.8,49,51,44,48,46,48,44,53,48,45,48,47,69,24,74,25,71,24,70,24,68,26,69,24,1
2377,PICT261376,Urvi Rama,9.12,87,89,93,78,88,82,93,76,86,86,85,81,93,40,94,44,95,45,100,44,99,44,97,40,0
2378,PICT261377,Isaac Sachdev,4.56,59,44,60,52,65,33,63,39,63,44,62,38,56,22,63,23,58,19,54,20,53,23,57,19,1
2379,PICT261378,Yuvraj Ahuja,9.41,97,75,93,73,96,80,95,75,90,81,90,80,100,41,95,39,99,40,100,40,98,40,100,41,0
2380,PICT261379,Turvi Bhatia,8.31,78,67,85,63,77,72,84,68,76,68,83,67,91,38,86,36,86,37,90,34,89,36,87,35,0
2381,PICT261380,Azad Badal,6.67,81,67,78,77,83,70,83,71,82,71,79,66,92,36,84,36,87,35,84,36,86,37,85,36,0
2382,PICT261381,Chanchal Baral,5.15,60,46,56,42,58,33,60,28,62,39,55,46,69,19,66,16,68,20,66,17,71,17,73,19,1
2383,PICT261382,Nathan Lala,7.9,76,54,78,56,69,66,71,66,68,66,71,55,81,32,86,28,81,32,89,32,83,31,82,31,0
2384,PICT261383,Saksham Nayar,8.76,97,79,93,88,99,69,93,89,100,71,97,85,99,39,97,38,97,38,96,41,94,40,100,40,0
2385,PICT261384,Advik Menon,8.23,69,72,73,68,67,68,74,63,65,62,67,72,80,35,80,38,81,33,89,35,81,35,86,34,0
2386,PICT261385,Eshana Pant,7.41,76,67,80,70,75,62,71,59,73,70,72,64,78,32,71,32,72,32,72,28,73,30,80,32,0
2387,PICT261386,Sachi Brar,8.81,93,76,87,66,87,68,87,65,90,68,93,85,91,38,87,38,91,38,96,36,96,39,87,35,0
2388,PICT261387,Isha Wagle,8.37,73,71,73,62,76,52,73,52,79,59,77,54,78,33,77,29,77,32,76,30,76,32,76,30,0
2389,PICT261388,Harita Raj,7.0,83,51,86,64,85,66,85,65,86,48,82,58,83,31,76,27,74,27,78,28,80,27,75,26,0
2390,PICT261389,Amaira Raj,5.07,57,17,63,23,62,36,59,24,63,34,55,29,78,12,78,12,79,13,78,12,80,11,76,15,1
2391,PICT261390,Geetika Subramaniam,6.6,70,65,76,64,70,62,76,63,72,70,74,57,83,33,82,33,87,33,81,34,85,29,81,32,0
2392,PICT261391,Balendra Dugar,8.22,76,54,81,57,79,48,82,45,81,59,84,60,86,24,85,23,83,23,83,27,83,23,79,26,0
2393,PICT261392,Tripti Ray,6.9,77,64,85,71,81,60,82,76,86,62,83,67,86,34,88,32,85,36,85,36,81,31,87,33,0
2394,PICT261393,Dhriti Srinivas,7.31,82,56,81,52,81,67,84,66,81,67,80,60,73,26,73,30,78,30,83,27,79,30,75,28,0
2395,PICT261394,Tara Dhar,7.52,86,66,81,67,86,78,77,73,84,77,84,72,91,37,92,38,86,38,84,38,89,37,93,36,0
2396,PICT261395,Qasim Mani,8.0,66,65,65,62,66,65,74,65,67,60,75,63,87,28,81,31,83,30,86,28,84,30,81,30,0
2397,PICT261396,Bakhshi Wason,8.32,81,77,80,59,84,78,83,58,84,73,86,60,77,33,75,32,83,36,79,34,83,35,82,36,0
2398,PICT261397,Charles Sarna,6.58,75,67,76,57,71,60,74,54,70,56,70,63,76,31,80,30,80,32,74,30,80,30,83,29,0
2399,PICT261398,Thomas Gill,5.8,64,30,59,26,65,30,61,29,66,41,64,45,70,15,71,17,69,19,72,17,66,16,66,15,1
2400,PICT261399,Forum Saxena,5.32,68,32,60,35,68,25,62,19,66,35,59,23,64,12,70,12,69,16,60,16,66,15,63,16,1
2401,PICT261400,Yuvraj Patla,5.55,49,40,45,40,49,27,45,23,49,23,49,21,57,15,47,15,49,17,52,18,56,16,51,17,1
2402,PICT261401,Laksh Patla,8.24,77,47,82,43,78,42,85,51,80,56,78,50,84,26,84,26,82,28,80,26,78,28,84,24,0
2403,PICT261402,Shivani Prabhu,6.7,87,60,86,62,79,59,83,58,82,70,79,62,88,32,95,33,85,32,88,34,85,34,86,30,0
2404,PICT261403,Manan Nagarajan,7.52,84,50,87,53,87,56,84,49,79,61,83,52,82,26,78,29,83,27,78,30,83,26,78,31,0
2405,PICT261404,Jagdish Walla,7.24,74,55,73,44,71,46,76,51,71,57,70,52,85,23,87,27,94,24,89,27,87,23,89,23,0
2406,PICT261405,Bachittar Garg,4.45,62,57,65,44,59,50,56,53,55,60,61,49,69,23,66,25,68,24,74,23,73,23,66,27,1
2407,PICT261406,Elijah Chana,8.93,88,93,94,86,93,85,92,76,95,78,94,83,90,40,88,43,93,44,87,40,95,43,88,40,0
2408,PICT261407,Odika Sule,6.82,71,71,72,74,68,72,71,65,65,69,70,72,79,39,79,38,87,36,80,36,85,37,80,39,0
2409,PICT261408,Rudra Dugar,7.41,79,58,69,52,76,47,69,47,78,51,72,56,84,23,88,26,78,25,84,24,86,25,86,27,0
2410,PICT261409,Qarin Garg,7.76,84,71,87,66,78,64,86,60,84,71,87,51,81,28,73,32,82,33,77,33,75,29,78,32,0
2411,PICT261410,Raksha Koshy,6.74,77,68,77,62,75,67,69,79,79,59,69,65,91,36,85,32,84,35,85,34,92,35,94,35,0
2412,PICT261411,Jalsa Lal,7.59,82,63,80,46,84,65,88,49,86,59,87,50,81,28,82,30,82,25,78,28,80,26,86,26,0
2413,PICT261412,Wridesh Maharaj,8.81,97,82,92,89,100,96,92,88,99,81,90,100,92,43,93,45,95,46,92,44,95,44,93,45,0
2414,PICT261413,Jason Ganguly,7.95,81,50,80,57,72,67,81,47,73,55,78,56,92,29,91,30,92,27,89,27,84,27,82,28,0
2415,PICT261414,Bina Panchal,9.48,95,86,93,74,92,70,89,78,94,87,95,85,94,38,96,39,96,36,92,41,90,40,91,39,0
2416,PICT261415,Watika Shanker,7.75,66,47,69,64,68,63,66,58,72,57,73,56,91,26,92,25,88,29,84,27,87,25,88,25,0
2417,PICT261416,Jackson Gade,8.19,83,80,85,82,83,69,76,63,83,69,80,82,78,36,84,38,79,35,78,36,76,35,84,37,0
2418,PICT261417,Yasti Nayak,8.69,90,84,88,80,85,87,92,75,92,82,91,88,87,40,88,38,92,42,92,38,94,41,88,37,0
2419,PICT261418,Isaiah Khare,7.78,75,58,75,52,83,59,74,50,76,62,74,66,76,27,76,30,82,30,85,27,81,28,81,27,0
2420,PICT261419,Ladli Kibe,7.55,73,58,81,55,77,64,73,56,81,68,78,59,83,27,79,28,73,31,83,30,81,27,74,28,0
2421,PICT261420,Tripti Roy,5.88,58,34,63,34,62,27,58,38,68,26,66,37,50,12,50,16,55,16,53,16,52,15,45,14,1
2422,PICT261421,Sudiksha D’Alia,7.12,70,65,71,72,73,72,72,61,76,75,68,73,85,31,85,31,86,32,76,33,85,30,85,31,0
2423,PICT261422,Wishi Parekh,8.37,72,59,66,48,67,65,67,55,74,58,70,48,74,25,74,26,81,28,82,26,75,26,84,25,0
2424,PICT261423,Jhalak Barad,5.02,46,42,39,43,38,46,37,26,36,27,36,42,61,18,55,17,63,20,56,17,64,18,63,19,1
2425,PICT261424,Abhimanyu Goel,5.11,51,44,56,56,54,52,55,55,56,41,51,56,71,24,70,22,72,26,70,24,65,23,68,22,1
2426,PICT261425,Sneha Kakar,8.09,76,65,83,81,78,84,81,77,84,77,83,81,83,40,86,36,92,36,85,38,88,39,92,37,0
2427,PICT261426,Tarak Soman,8.17,76,60,77,48,78,65,75,47,72,62,75,59,76,28,72,30,79,25,78,29,78,28,79,26,0
2428,PICT261427,Vedant Choudhry,4.5,35,28,40,47,44,30,38,35,44,32,37,34,51,19,53,18,56,17,54,17,56,19,55,19,1
2429,PICT261428,Falan Prabhakar,6.6,70,75,69,62,67,73,77,77,71,71,74,66,75,34,78,33,83,31,77,34,84,35,83,32,0
2430,PICT261429,Rehaan Bandi,4.65,43,39,44,43,42,37,47,27,45,27,41,34,61,20,63,15,71,17,68,19,65,16,64,20,1
2431,PICT261430,Megha Bhat,5.31,63,47,61,41,64,58,61,39,63,59,64,59,55,26,58,25,50,22,56,23,57,24,55,26,1
2432,PICT261431,Avi Tripathi,8.01,82,58,82,48,77,60,79,49,81,66,79,47,82,30,87,31,90,31,91,28,82,29,87,31,0
2433,PICT261432,Janaki Gulati,8.04,83,75,80,58,86,57,85,77,83,61,85,77,78,32,80,32,81,32,82,31,82,36,81,32,0
2434,PICT261433,Manbir Bali,6.83,71,53,75,67,75,52,69,59,74,56,78,71,83,28,85,28,81,32,87,30,77,31,78,30,0
2435,PICT261434,Oscar Goda,5.68,62,25,59,22,62,29,64,21,64,25,64,21,59,13,55,10,61,11,59,14,54,13,59,11,1
2436,PICT261435,Chakrika Mody,7.1,87,58,79,47,80,45,81,56,84,52,80,63,77,25,82,28,76,28,78,25,75,28,80,26,0
2437,PICT261436,Liam Sagar,4.79,45,40,39,35,42,41,43,40,45,32,43,39,54,17,50,19,50,15,51,15,54,17,56,15,1
2438,PICT261437,Hitesh Palla,5.98,53,14,51,14,47,16,45,22,48,33,50,20,60,11,54,11,51,9,52,10,51,9,59,12,1
2439,PICT261438,Pallavi Raj,7.74,86,52,82,52,78,67,84,56,86,62,83,69,86,28,87,28,82,28,92,28,87,31,88,28,0
2440,PICT261439,Laban Minhas,7.3,73,65,75,59,75,67,71,73,80,60,78,71,83,32,84,32,84,28,81,31,80,31,83,32,0
2441,PICT261440,Wazir Das,5.21,62,56,60,51,68,51,68,55,65,42,64,50,65,24,59,24,65,25,61,23,61,23,63,25,1
2442,PICT261441,Wriddhish Wadhwa,4.16,52,22,58,29,57,18,52,32,54,23,51,28,56,10,55,10,58,12,55,12,52,11,57,12,1
2443,PICT261442,Raagini Wable,7.14,86,68,78,66,83,65,87,68,85,56,82,70,73,30,78,33,81,30,78,29,77,31,79,29,0
2444,PICT261443,Atharv Dewan,7.85,78,56,75,56,74,67,77,64,76,61,79,57,85,31,84,30,84,31,79,35,81,33,81,31,0
2445,PICT261444,Kalpit Radhakrishnan,7.23,78,62,83,63,79,68,75,75,83,64,75,76,84,37,81,35,76,37,80,35,85,36,85,38,0
2446,PICT261445,Reyansh Golla,5.08,40,26,40,43,44,26,46,36,39,32,38,26,61,16,63,17,63,15,58,17,60,16,66,16,1
2447,PICT261446,Madhavi Dani,9.18,98,92,100,100,98,98,100,100,100,90,100,86,92,47,88,47,89,44,86,48,88,43,89,46,0
2448,PICT261447,Unnati Sathe,8.77,89,81,80,71,85,82,85,69,80,83,89,79,97,38,92,39,94,40,99,39,100,36,95,40,0
2449,PICT261448,Chandani Modi,8.73,96,91,92,83,93,93,96,91,93,97,95,82,99,46,100,45,96,48,100,46,94,44,100,47,0
2450,PICT261449,Vidhi Pal,6.03,48,21,47,27,56,22,50,35,57,34,56,26,71,11,75,15,68,11,70,13,70,11,70,14,1
2451,PICT261450,Vanya Dixit,6.59,76,60,84,70,85,73,79,59,79,66,79,66,75,34,79,33,72,34,73,35,80,34,74,31,0
2452,PICT261451,Divya Dugal,6.56,73,52,75,61,78,54,68,62,78,68,74,57,79,30,86,31,86,28,82,28,79,30,79,27,0
2453,PICT261452,Urmi Badal,7.48,75,53,75,70,75,56,76,55,74,52,71,67,80,32,89,30,87,31,81,31,80,28,80,29,0
2454,PICT261453,Yoshita Pall,5.84,52,29,50,23,55,23,55,28,51,22,55,23,62,14,60,16,63,15,67,16,63,13,68,14,1
2455,PICT261454,Garima Ramaswamy,7.78,72,64,72,57,77,60,79,63,76,62,78,70,74,28,77,32,77,31,77,30,79,31,74,28,0
2456,PICT261455,Harrison Setty,8.18,82,76,82,65,80,79,74,66,82,75,76,84,84,35,83,36,82,39,84,35,79,36,81,37,0
2457,PICT261456,Saumya Dalal,5.93,49,33,57,35,54,32,59,28,57,30,53,29,66,13,64,12,61,14,61,10,62,12,56,14,1
2458,PICT261457,Geetika Samra,9.2,100,98,96,89,99,88,97,98,99,85,93,79,100,46,95,46,100,42,98,44,97,45,98,42,0
2459,PICT261458,Indira Shenoy,6.07,42,42,50,32,48,33,52,35,49,39,45,32,50,18,51,19,58,19,58,21,51,21,51,18,1
2460,PICT261459,Vasudha Mander,8.4,78,54,80,47,81,47,76,56,77,57,83,49,90,28,81,26,90,30,90,27,80,26,88,28,0
2461,PICT261460,Zansi Nayak,4.36,50,38,49,37,55,39,50,43,52,42,51,32,51,19,55,21,57,20,52,17,56,19,55,21,1
2462,PICT261461,Raghav Purohit,6.92,77,43,72,55,79,54,78,43,74,55,79,43,86,24,88,24,92,28,94,28,93,28,94,25,0
2463,PICT261462,Anjali Agarwal,8.92,83,93,85,98,83,96,90,91,90,97,90,85,96,46,87,48,92,44,93,44,87,44,90,48,0
2464,PICT261463,Onveer Solanki,8.5,90,77,94,70,86,75,90,78,86,69,91,77,97,40,96,36,94,38,88,40,89,38,92,38,0
2465,PICT261464,Charan Som,6.35,39,23,45,27,47,18,47,29,42,33,49,15,64,14,63,12,65,10,67,14,59,11,66,11,1
2466,PICT261465,Avni Bhattacharyya,4.46,45,37,54,29,49,39,53,38,51,33,55,37,74,18,74,15,73,15,74,16,73,13,76,14,1
2467,PICT261466,Abhimanyu Chaudhari,7.38,71,47,69,52,74,50,75,48,69,56,71,43,81,28,75,25,84,26,81,27,76,26,77,26,0
2468,PICT261467,Krishna Johal,5.83,41,26,43,29,38,30,40,31,45,42,45,28,56,19,59,17,63,16,57,15,63,14,57,16,1
2469,PICT261468,Anika Pillai,4.93,39,22,39,37,41,31,44,31,37,35,44,24,61,13,65,12,65,14,61,16,63,13,60,15,1
2470,PICT261469,Amruta Gola,6.93,86,61,83,61,79,67,89,58,81,63,89,55,83,27,93,27,84,28,90,31,87,29,86,29,0
2471,PICT261470,Andrew Ramesh,7.25,81,73,85,75,78,78,84,68,84,62,81,72,76,33,77,36,76,35,81,38,81,35,71,37,0
2472,PICT261471,Girish Samra,8.88,93,80,92,75,100,91,100,92,94,80,98,91,100,41,94,41,100,40,99,39,94,41,100,42,0
2473,PICT261472,Rachit Walia,8.71,98,84,100,71,94,84,99,86,94,83,97,77,89,37,90,41,94,37,92,38,88,39,96,41,0
2474,PICT261473,Ria Thaker,9.74,92,90,90,89,94,87,98,82,90,77,99,86,96,43,93,43,96,43,96,44,98,44,98,43,0
2475,PICT261474,Ranbir Gole,8.5,100,91,100,87,93,79,95,84,96,94,100,82,99,46,98,43,91,44,92,42,93,44,97,43,0
2476,PICT261475,Jackson Sunder,6.82,81,78,81,66,84,73,88,70,78,72,85,66,85,33,83,38,77,34,77,35,78,33,84,33,0
2477,PICT261476,Abhimanyu Chaudhry,6.19,48,13,41,25,42,27,43,29,44,25,48,23,51,11,51,9,58,10,54,12,55,12,51,9,1
2478,PICT261477,Qarin Nagarajan,8.61,99,84,94,85,97,80,93,79,100,74,97,78,100,38,94,38,94,42,99,40,97,40,93,38,0
2479,PICT261478,Frado Dey,8.03,71,67,72,83,68,67,71,72,65,63,66,75,78,34,77,36,78,36,75,36,81,34,79,34,0
2480,PICT261479,Suhani Sankaran,8.85,93,92,100,74,94,92,98,75,98,91,93,86,98,39,98,39,94,41,100,41,93,42,94,39,0
2481,PICT261480,Niharika Basak,6.12,36,40,42,30,39,34,35,38,43,36,36,41,54,19,53,19,50,18,52,17,50,18,54,15,1
2482,PICT261481,Ryan Sundaram,6.96,76,52,77,52,84,49,83,44,83,62,80,58,76,25,75,25,76,27,81,27,82,28,75,28,0
2483,PICT261482,Rajeshri Koshy,9.48,100,88,95,80,100,77,93,77,100,78,100,88,93,41,93,38,96,40,93,38,92,38,93,37,0
2484,PICT261483,Jeremiah Mitter,7.5,77,60,71,67,78,61,77,63,76,70,77,63,77,32,87,32,87,34,85,33,81,35,81,31,0
2485,PICT261484,Lucky Borah,7.67,69,43,74,51,69,56,79,45,69,48,69,44,85,25,85,23,92,27,95,25,86,22,86,24,0
2486,PICT261485,Guneet Kapoor,8.96,87,82,87,98,80,90,85,98,88,92,88,89,92,44,86,44,92,43,88,43,87,47,88,43,0
2487,PICT261486,Madhav Saxena,7.05,81,49,90,59,82,61,86,56,87,61,81,45,85,28,82,24,85,25,90,28,84,28,85,26,0
2488,PICT261487,Ucchal Konda,9.38,89,95,84,82,88,80,88,94,89,86,82,90,86,46,95,45,90,43,90,45,89,45,95,46,0
2489,PICT261488,Kevin Bhatia,8.77,89,73,92,73,94,73,85,71,92,68,86,77,100,36,100,39,94,38,95,40,95,37,97,40,0
2490,PICT261489,Devika Parsa,7.7,74,51,70,56,74,52,72,58,71,52,76,48,84,28,79,26,89,27,84,28,86,27,79,26,0
2491,PICT261490,Bhavini Nayak,4.83,60,38,57,57,59,41,59,40,60,54,56,45,77,25,75,25,70,23,67,24,72,24,76,24,1
2492,PICT261491,Udarsh Ganguly,6.58,75,45,75,54,84,56,78,56,83,54,77,58,83,25,83,28,78,24,82,26,85,24,83,23,0
2493,PICT261492,Manbir Mishra,7.43,79,41,78,49,83,59,77,49,80,55,78,53,75,22,77,24,80,24,74,25,77,25,76,26,0
2494,PICT261493,Hardik Talwar,8.13,79,53,78,51,81,54,83,44,82,62,79,48,77,24,72,24,74,24,80,28,76,26,78,24,0
2495,PICT261494,Dev Srivastava,8.63,97,73,97,85,91,79,92,84,96,67,93,85,87,37,87,40,89,37,95,38,89,37,88,39,0
2496,PICT261495,Jackson Batta,7.33,81,67,88,63,82,62,84,67,85,81,88,81,80,38,79,37,75,36,76,34,77,37,80,33,0
2497,PICT261496,Zaitra Mukherjee,6.77,71,64,73,71,71,74,75,73,67,59,66,69,82,35,79,32,80,33,84,31,80,34,85,34,0
2498,PICT261497,Suhani Palla,5.99,51,39,48,36,53,33,53,49,50,41,51,45,52,22,53,17,53,20,54,22,54,22,62,19,1
2499,PICT261498,Ethan Grover,7.19,70,73,71,63,77,62,73,71,78,73,69,76,72,35,79,35,71,35,73,36,76,33,77,34,0
2500,PICT261499,Warhi Mannan,7.79,74,43,74,48,78,61,74,54,80,63,77,58,80,24,86,24,86,25,81,28,85,27,86,27,0
2501,PICT261500,Parth Sachdev,7.49,85,63,81,76,75,58,76,61,79,76,82,69,83,32,76,34,78,34,74,32,79,31,83,32,0
2502,PICT261501,Chaman Malhotra,6.84,76,62,74,74,69,76,66,72,72,68,68,71,73,32,74,34,71,35,72,32,80,32,73,34,0
2503,PICT261502,Abha Das,8.35,79,61,80,63,79,74,76,72,82,76,77,61,83,33,76,34,81,36,80,31,82,34,80,34,0
2504,PICT261503,Lakshmi Kurian,7.99,77,59,75,66,78,63,78,54,76,62,77,53,72,31,79,32,75,29,79,28,72,31,80,31,0
2505,PICT261504,Gautam Barad,4.06,63,45,63,34,64,33,58,44,61,45,58,45,73,22,75,19,75,20,74,20,74,17,73,20,1
2506,PICT261505,Yashasvi Nadig,6.54,81,62,81,79,74,75,77,73,79,60,80,80,74,33,83,35,73,36,76,37,77,36,77,32,0
2507,PICT261506,Banjeet Saran,8.89,95,78,95,84,94,82,90,84,90,85,95,72,98,43,95,39,99,43,99,43,98,43,90,42,0
2508,PICT261507,Pranav Dave,4.68,57,33,50,29,56,29,51,32,56,32,52,22,69,15,76,16,66,11,71,12,68,15,67,15,1
2509,PICT261508,Kevin Ratta,8.64,91,88,94,78,90,96,89,97,91,83,89,80,100,44,100,46,98,43,100,43,99,44,100,41,0
2510,PICT261509,Matthew Dhillon,7.36,66,71,65,69,74,82,72,69,73,70,70,79,81,39,71,36,79,38,76,34,71,35,78,36,0
2511,PICT261510,Harinakshi Wali,7.45,73,81,78,65,70,81,70,73,75,63,79,68,77,35,79,34,80,34,77,36,79,37,73,37,0
2512,PICT261511,Azad Sinha,9.39,93,85,92,88,97,84,98,86,92,79,97,73,88,40,87,37,94,39,89,38,95,37,86,40,0
2513,PICT261512,Naksh Ghose,7.36,76,58,76,60,82,65,75,67,77,65,80,66,88,27,88,28,85,30,90,28,87,28,82,28,0
2514,PICT261513,Qadim Sastry,5.48,68,58,67,42,59,39,68,39,64,51,68,57,66,22,66,22,58,25,67,26,64,24,61,24,1
2515,PICT261514,Jack Mahal,7.79,76,44,69,55,78,63,71,61,74,55,69,44,78,29,75,28,73,26,74,25,72,26,81,27,0
2516,PICT261515,Neel Morar,9.62,86,83,92,75,92,91,90,91,93,91,93,83,94,42,92,41,86,44,92,45,90,41,91,40,0
2517,PICT261516,Laksh Prashad,7.92,82,72,74,62,76,73,74,59,73,61,74,63,75,34,80,35,78,34,73,33,73,36,78,34,0
2518,PICT261517,Ekaraj Srinivasan,8.02,79,79,81,72,79,63,80,70,83,78,81,60,81,36,74,36,74,33,84,33,80,35,76,37,0
2519,PICT261518,Pallavi Talwar,9.22,100,85,91,89,93,89,94,89,96,80,90,82,94,40,88,42,93,39,91,41,91,39,92,40,0
2520,PICT261519,Chakrika Raj,9.11,89,96,88,95,97,90,98,94,92,83,88,97,90,44,90,42,98,43,98,43,94,43,89,46,0
2521,PICT261520,Jackson Mall,8.53,81,91,84,96,81,96,80,92,90,80,84,94,95,43,92,43,97,45,94,43,100,42,96,43,0
2522,PICT261521,Vasana Sankar,7.35,81,72,77,83,74,73,75,69,74,73,77,79,79,35,86,36,86,36,89,35,82,35,79,36,0
2523,PICT261522,Ethan Anand,8.22,82,62,85,72,84,59,90,68,84,58,84,72,90,35,86,32,89,33,81,32,81,32,86,36,0
2524,PICT261523,Caleb Keer,7.81,80,65,85,78,83,82,89,63,84,75,89,70,77,37,71,38,80,35,77,35,77,35,80,37,0
2525,PICT261524,Pranav Shan,8.98,88,96,92,82,93,90,94,81,96,88,93,98,93,42,95,46,96,42,100,42,96,43,94,42,0
2526,PICT261525,Dalbir Warrior,7.39,82,52,84,61,83,64,83,48,83,64,84,50,88,28,85,28,85,28,85,25,85,25,90,24,0
2527,PICT261526,Dhruv Patil,7.14,83,62,82,70,77,62,76,56,78,58,78,60,87,28,83,28,81,33,84,31,85,31,88,30,0
2528,PICT261527,Vamakshi Wali,7.31,82,48,86,47,85,47,79,61,82,64,82,63,76,28,74,26,74,26,75,29,74,26,80,29,0
2529,PICT261528,Falan Joshi,7.72,78,57,77,56,86,69,83,58,76,53,83,53,84,28,84,27,82,30,76,30,77,30,77,28,0
2530,PICT261529,Vyanjana Bobal,7.25,77,59,69,48,69,58,71,51,75,45,69,52,88,24,82,25,86,25,83,28,81,24,89,28,0
2531,PICT261530,Qadim Gandhi,7.11,77,83,71,77,68,67,77,83,74,67,73,78,78,34,76,36,75,37,78,36,81,37,78,38,0
2532,PICT261531,Devika Warrior,8.61,100,82,96,78,97,87,95,70,99,84,100,73,94,37,99,39,93,37,92,39,93,38,94,41,0
2533,PICT261532,Janya Bala,8.94,89,66,92,70,86,86,84,79,93,80,89,83,95,40,98,35,91,37,92,37,94,39,96,37,0
2534,PICT261533,Harish Pandit,7.53,84,47,82,51,86,62,85,61,83,58,82,57,74,27,78,28,75,28,80,27,72,27,77,26,0
2535,PICT261534,Nathan Kothari,7.36,76,70,77,60,73,56,76,65,81,64,81,63,91,28,87,34,86,30,90,33,85,33,91,33,0
2536,PICT261535,Kamya Mital,6.9,74,51,68,51,68,55,70,47,70,59,66,50,94,28,89,26,95,27,92,27,85,25,90,25,0
2537,PICT261536,Om Bumb,8.94,94,86,93,75,95,90,91,80,94,80,97,80,93,42,96,41,97,40,95,43,91,43,91,45,0
2538,PICT261537,Peter Srinivasan,8.92,90,93,94,81,96,75,93,77,95,91,90,89,99,43,90,39,92,44,99,40,89,42,98,40,0
2539,PICT261538,Xavier Varkey,8.74,95,77,98,82,99,73,100,91,93,78,100,77,92,39,98,40,100,39,98,40,100,42,93,43,0
2540,PICT261539,Mekhala Tailor,9.68,87,90,85,96,86,94,90,100,82,97,87,100,95,48,91,48,94,44,88,47,92,49,95,47,0
2541,PICT261540,Xavier Khosla,6.95,77,68,78,62,81,57,73,56,80,66,80,64,82,31,84,29,85,33,81,33,81,31,83,33,0
2542,PICT261541,Charan Devi,7.77,70,60,72,45,74,57,65,63,69,44,73,61,85,25,81,26,89,26,83,29,84,24,90,28,0
2543,PICT261542,Warhi Walla,7.95,78,72,75,73,76,74,79,65,78,83,76,71,89,35,94,34,86,35,93,38,85,34,88,37,0
2544,PICT261543,Nakul Balan,7.78,79,57,76,59,84,66,81,49,82,51,75,56,78,30,79,26,84,26,76,27,78,28,77,28,0
2545,PICT261544,Harita Sabharwal,7.21,80,59,77,67,77,69,78,72,83,55,76,61,85,31,82,34,88,33,80,31,83,30,84,33,0
2546,PICT261545,Vanya Mistry,7.56,80,65,85,59,77,53,82,48,79,53,86,52,87,26,83,30,90,30,88,30,84,29,84,30,0
2547,PICT261546,Mitali Natarajan,7.29,69,49,68,53,75,46,74,55,77,59,78,55,77,26,79,24,81,26,74,27,74,25,77,28,0
2548,PICT261547,Balveer Deep,7.94,83,65,78,66,77,64,80,70,82,75,78,72,79,34,75,33,73,35,78,32,82,33,76,31,0
2549,PICT261548,Tejas Biswas,9.09,91,89,96,90,98,100,99,94,97,94,95,100,95,44,100,48,100,45,100,45,100,45,100,48,0
2550,PICT261549,Mitesh Choudhury,6.74,70,63,73,63,79,44,78,60,71,63,77,56,89,27,84,28,81,28,89,24,89,28,88,24,0
2551,PICT261550,Diya Mangat,8.88,93,86,93,87,95,97,89,99,87,82,88,93,90,44,89,43,88,46,89,43,88,45,93,42,0
2552,PICT261551,Leena Sheth,7.74,87,64,80,66,83,57,79,65,87,61,83,52,81,27,84,28,86,27,83,26,90,26,90,27,0
2553,PICT261552,Ayush Mahal,4.47,45,27,43,23,37,31,35,24,43,22,36,30,49,17,48,14,51,17,54,18,50,15,51,16,1
2554,PICT261553,Bachittar Sant,4.09,63,40,57,30,62,35,59,37,63,43,64,29,55,18,56,16,55,19,59,20,57,19,52,18,1
2555,PICT261554,Kritika Rastogi,8.61,90,73,83,78,93,87,85,74,87,78,90,72,88,39,90,37,91,40,86,39,92,41,89,40,0
2556,PICT261555,Noah Magar,8.23,80,71,79,74,76,72,76,58,78,62,76,74,87,34,84,32,90,33,92,31,91,31,88,32,0
2557,PICT261556,Varsha Bhasin,9.43,86,77,87,81,91,87,90,81,83,80,91,71,95,38,92,40,90,39,89,38,89,42,95,40,0
2558,PICT261557,Gavin Kibe,8.04,76,73,77,73,74,76,73,62,73,77,67,78,74,35,81,38,79,34,74,34,81,35,76,37,0
2559,PICT261558,Ishita Hayre,6.84,81,57,78,59,77,56,80,57,78,62,78,56,78,28,78,28,88,30,87,28,80,30,80,30,0
2560,PICT261559,Frederick Balay,5.44,67,36,57,19,64,25,63,31,57,30,64,27,73,14,66,13,69,11,67,11,67,14,67,15,1
2561,PICT261560,Ishani Biswas,9.43,93,86,85,91,91,98,85,100,83,96,90,94,94,45,93,46,100,49,96,46,95,46,96,48,0
2562,PICT261561,Harini Cheema,7.35,74,65,80,66,75,71,76,51,74,71,81,57,85,31,88,33,81,31,83,30,85,30,91,32,0
2563,PICT261562,Jatin Bal,7.88,77,72,74,70,74,66,69,63,68,64,72,69,78,35,80,37,83,36,83,34,80,34,80,37,0
2564,PICT261563,Anusha Agarwal,7.7,79,69,76,68,76,68,73,69,73,58,76,62,81,31,80,31,83,30,73,28,79,27,78,28,0
2565,PICT261564,Bimala Ramakrishnan,8.84,89,75,91,75,87,92,85,84,88,77,84,93,89,42,98,39,94,40,91,41,92,39,93,39,0
2566,PICT261565,Akshay Din,6.91,75,53,71,55,79,57,77,56,77,58,77,66,82,31,80,28,85,27,80,27,82,31,79,28,0
2567,PICT261566,Finn Sachdev,8.34,77,81,81,62,80,69,80,78,73,62,73,70,89,35,89,38,93,33,91,38,86,33,91,37,0
2568,PICT261567,Ridhi Chana,6.54,77,50,78,54,78,64,86,59,84,52,83,56,87,27,79,30,87,27,86,29,83,29,85,28,0
2569,PICT261568,Ranbir Pau,9.14,94,98,94,83,99,85,91,87,90,81,98,93,94,45,100,46,91,43,95,44,93,44,97,41,0
2570,PICT261569,Varsha Mani,7.18,77,49,71,48,73,52,72,54,72,60,72,61,91,25,83,26,85,26,83,27,85,28,91,28,0
2571,PICT261570,Damyanti Murthy,7.36,76,82,75,84,74,74,74,76,73,78,76,68,84,35,79,36,77,37,84,34,79,34,80,34,0
2572,PICT261571,Balendra Seth,8.6,98,88,92,76,90,85,92,83,100,87,96,79,91,42,100,41,90,41,91,40,91,41,98,43,0
2573,PICT261572,Henry Dass,9.24,86,84,87,100,91,85,93,88,87,90,88,91,91,48,90,46,98,46,88,48,92,44,90,49,0
2574,PICT261573,Zilmil Saha,8.1,87,70,88,61,84,62,80,72,88,66,87,63,70,32,75,34,78,32,80,31,70,32,71,32,0
2575,PICT261574,Mugdha Rama,5.81,47,40,54,45,45,44,47,30,46,42,51,33,61,18,65,19,69,19,66,16,66,16,67,19,1
2576,PICT261575,Chakradev Din,8.09,87,61,79,57,82,59,86,68,82,72,87,71,82,30,77,31,83,32,77,31,75,30,84,34,0
2577,PICT261576,Vidhi Talwar,7.37,75,64,74,55,77,60,79,68,76,58,75,66,79,30,79,28,74,30,75,32,72,29,72,33,0
2578,PICT261577,Aishani Mander,4.55,39,43,45,37,37,27,40,43,37,44,38,40,74,16,74,17,68,20,74,20,64,19,70,20,1
2579,PICT261578,Shivansh Chahal,6.71,72,50,78,63,79,60,77,61,74,45,81,55,86,25,78,27,83,25,76,30,83,26,82,26,0
2580,PICT261579,Pratyush Kaur,8.79,95,86,90,92,90,80,98,79,89,93,90,76,87,40,95,42,91,43,91,40,86,42,86,43,0
2581,PICT261580,Yagnesh Raju,7.61,72,69,74,63,74,67,76,64,76,54,78,65,86,30,92,30,88,31,93,28,91,29,95,29,0
2582,PICT261581,Ronith Thakkar,7.24,81,70,79,55,79,66,77,70,85,59,83,67,91,30,87,33,81,33,89,35,89,32,91,32,0
2583,PICT261582,Sneha Thakkar,6.63,82,71,74,72,80,60,78,66,76,76,80,62,92,33,85,34,86,35,89,34,88,31,93,34,0
2584,PICT261583,Aditya Baral,7.41,72,65,81,80,75,81,74,71,74,69,72,63,88,38,94,36,91,36,87,38,94,35,88,37,0
2585,PICT261584,Ishani Chopra,7.92,78,52,81,63,77,59,77,45,84,62,74,60,78,27,80,25,84,26,79,27,77,25,77,25,0
2586,PICT261585,Megha Agrawal,7.33,82,58,80,56,89,67,86,72,79,65,81,57,77,33,78,30,86,30,84,33,87,34,77,31,0
2587,PICT261586,Zinal More,8.23,77,56,80,47,74,54,75,56,77,51,80,54,81,25,86,28,79,29,89,25,79,24,79,27,0
2588,PICT261587,Lakshmi Bora,8.22,79,65,80,64,83,48,74,60,81,57,77,50,88,29,88,28,90,28,80,27,87,30,81,26,0
2589,PICT261588,Xalak Singhal,8.78,96,94,96,89,95,78,93,80,97,93,97,85,98,45,98,45,100,46,95,45,96,43,97,44,0
2590,PICT261589,Anay Sandal,7.1,78,62,78,60,79,63,74,49,80,58,71,52,86,25,87,29,85,26,94,27,89,26,87,26,0
2591,PICT261590,David Basak,9.53,86,78,81,76,81,73,89,83,88,73,89,86,100,37,97,39,98,36,96,40,93,40,100,39,0
2592,PICT261591,Rudra Mitter,5.49,65,28,59,26,67,19,62,25,63,38,61,27,63,17,59,14,61,12,54,17,63,14,60,13,1
2593,PICT261592,Aryan Kurian,9.46,88,93,91,100,97,99,87,88,94,89,95,86,90,44,91,47,86,48,88,44,86,48,87,47,0
2594,PICT261593,Sara Bhatt,6.65,81,66,83,68,76,69,83,71,80,64,75,54,81,29,78,31,77,31,81,28,74,32,80,30,0
2595,PICT261594,Wriddhish Tiwari,4.72,44,34,49,48,40,51,48,42,43,49,43,54,70,23,73,23,73,21,68,21,67,24,74,22,1
2596,PICT261595,Praneel Walia,6.79,81,61,72,62,76,57,82,64,74,65,72,55,83,26,83,28,85,29,83,27,81,31,84,28,0
2597,PICT261596,Advik Banerjee,8.65,92,66,100,86,97,66,100,84,95,67,92,69,87,36,90,37,94,36,86,37,87,38,94,38,0
2598,PICT261597,Ansh Sha,8.32,83,68,82,80,79,68,79,72,74,66,75,74,89,34,89,32,89,36,89,32,85,36,81,33,0
2599,PICT261598,Niharika Bath,4.26,47,37,53,28,45,19,53,23,53,22,52,21,68,14,63,12,64,17,64,13,66,14,64,16,1
2600,PICT261599,Advaith Parikh,6.6,84,51,88,54,84,62,88,47,88,48,85,59,79,27,78,25,81,26,79,25,72,26,76,28,0
