OS_Attendance,OS_CIE,DBMS_Attendance,DBMS_CIE,SE_Attendance,SE_CIE,MDM_Attendance,MDM_CIE,Entrepreneurship_Attendance,Entrepreneurship_CIE,ICSR_Attendance,ICSR_CIE,AMCAT_Logical,AMCAT_Quant,AMCAT_Verbal,AMCAT_Domain,Active_Backlogs,Portal_Logins_Per_Month,Risk_Level
79,48,61,15,59,30,55,42,71,42,61,23,350,270,277,289,0,12,WARNING
69,44,69,26,71,30,62,17,64,45,67,39,167,304,278,297,1,18,WARNING
81,35,60,30,72,17,57,42,69,39,63,46,260,165,412,304,3,16,CRITICAL
94,28,67,53,79,31,63,32,82,15,73,42,277,210,334,366,0,23,WARNING
68,41,43,40,51,42,68,42,91,33,89,45,280,260,426,247,1,12,WARNING
68,38,75,21,80,22,84,42,80,23,60,32,290,212,262,240,2,7,CRITICAL
95,43,72,39,31,45,67,51,73,32,87,30,316,216,285,386,3,10,CRITICAL
83,41,59,19,62,39,48,48,94,44,60,27,277,247,216,267,0,14,WARNING
64,45,81,45,64,27,89,48,67,38,59,34,257,312,245,211,3,18,CRITICAL
80,29,86,30,81,33,59,49,87,46,84,34,255,247,394,266,1,3,WARNING
65,48,47,34,72,50,71,37,67,38,85,37,243,340,261,276,2,12,CRITICAL
65,36,60,48,50,42,78,35,78,22,84,33,327,205,395,408,3,21,CRITICAL
75,55,60,22,57,35,74,43,70,9,52,33,241,188,221,364,0,10,WARNING
43,28,57,21,74,32,88,42,71,36,65,27,330,395,232,380,3,17,CRITICAL
46,52,84,29,70,35,79,31,66,32,84,44,281,227,271,357,1,14,WARNING
63,36,69,45,63,29,59,39,92,25,72,35,248,184,286,366,2,17,CRITICAL
56,28,68,19,64,13,100,34,61,17,55,33,317,156,340,251,0,7,CRITICAL
76,30,41,6,82,55,74,26,60,27,78,27,236,339,314,286,1,7,CRITICAL
58,31,81,30,64,36,69,47,100,33,61,21,318,247,267,230,1,12,WARNING
50,39,53,40,70,38,86,35,86,41,98,48,292,253,282,285,2,2,WARNING
93,40,72,47,100,34,75,55,36,36,95,40,244,259,272,347,0,10,WARNING
68,29,76,30,50,27,77,18,63,51,81,18,311,335,239,309,1,13,CRITICAL
73,34,92,30,44,33,100,29,44,24,92,42,312,258,241,391,3,22,CRITICAL
50,56,52,46,83,19,67,35,57,43,72,44,349,422,346,220,3,14,CRITICAL
63,52,30,16,61,57,67,46,30,35,83,36,337,278,189,335,0,15,WARNING
73,39,74,31,67,22,73,38,69,41,94,50,309,339,378,212,1,18,WARNING
54,35,99,36,60,24,88,38,54,30,75,37,212,322,271,306,3,6,CRITICAL
77,36,90,39,68,30,49,23,72,45,68,20,426,267,247,351,0,11,WARNING
62,41,75,29,95,47,42,23,47,37,46,38,195,231,330,284,1,26,CRITICAL
67,24,64,35,84,35,63,38,73,28,70,37,336,291,371,338,1,11,WARNING
62,32,84,10,84,22,47,21,65,34,84,28,305,303,351,232,0,18,WARNING
99,18,57,28,50,47,65,29,94,32,86,40,209,232,317,183,0,17,WARNING
71,38,79,39,54,42,79,40,93,39,79,18,272,280,349,338,1,3,WARNING
56,41,79,25,30,40,58,25,83,23,63,44,275,350,195,422,3,13,CRITICAL
84,30,87,35,59,42,50,51,67,34,42,26,358,404,261,230,3,12,CRITICAL
53,50,100,39,86,58,73,47,100,38,64,25,237,325,239,385,1,13,WARNING
75,22,77,31,79,56,84,19,48,35,67,33,264,391,357,303,1,7,WARNING
42,20,64,36,68,28,46,25,50,48,67,39,139,229,268,206,0,5,CRITICAL
52,37,71,25,71,51,84,12,70,42,81,36,384,315,336,220,0,9,WARNING
74,45,45,32,61,38,84,27,100,34,100,27,215,357,319,301,3,11,CRITICAL
83,51,61,41,75,39,86,42,68,37,73,29,299,211,242,271,2,19,WARNING
74,30,65,36,83,18,90,30,69,37,68,23,273,238,257,208,2,22,CRITICAL
70,45,64,29,47,33,100,39,50,39,68,32,274,382,361,181,0,20,WARNING
67,34,74,37,76,26,66,19,86,16,73,45,328,206,247,240,3,17,CRITICAL
49,33,59,42,85,43,73,42,86,31,59,34,380,182,296,313,3,5,CRITICAL
61,43,88,14,65,45,65,29,83,20,73,43,295,369,246,299,3,9,CRITICAL
65,41,72,46,82,14,72,35,62,47,78,49,319,347,272,264,0,13,WARNING
87,19,71,31,100,34,94,34,61,34,75,29,299,298,287,314,0,8,WARNING
77,49,67,39,70,46,51,22,52,33,78,33,341,267,246,372,2,15,CRITICAL
45,48,74,46,77,33,59,23,73,43,78,56,252,241,237,327,3,16,CRITICAL
76,28,84,21,60,42,92,44,55,39,45,49,344,288,305,291,0,15,WARNING
66,38,58,27,74,38,87,38,54,23,81,18,346,372,243,364,1,18,WARNING
61,39,62,32,78,38,66,45,65,34,61,38,344,285,245,232,2,6,CRITICAL
81,37,67,27,74,32,84,38,64,31,55,35,240,410,238,284,0,17,WARNING
87,29,51,52,56,22,77,36,63,17,55,43,269,211,285,285,2,7,CRITICAL
85,28,59,26,75,23,94,17,78,28,78,27,294,268,341,213,1,6,CRITICAL
59,34,64,29,93,42,73,32,73,33,68,26,197,245,372,270,0,15,WARNING
67,46,85,37,78,35,87,34,67,33,46,28,375,199,250,154,1,19,WARNING
76,40,75,22,86,33,100,54,74,20,79,29,279,260,408,433,1,14,WARNING
86,31,74,31,68,30,80,41,57,46,50,43,297,297,234,234,0,12,WARNING
64,42,84,38,83,31,72,50,73,33,74,23,245,304,349,411,1,13,WARNING
69,6,69,31,76,45,82,40,74,35,75,28,200,411,250,302,0,12,WARNING
55,46,77,34,57,31,66,27,49,39,85,17,243,300,242,339,2,5,CRITICAL
54,17,70,29,76,21,100,36,86,27,98,45,293,344,249,265,2,4,CRITICAL
84,31,75,19,57,42,74,37,58,39,51,47,320,274,287,314,0,11,WARNING
92,23,63,38,62,32,67,25,73,31,71,31,289,379,321,345,1,12,WARNING
70,22,35,52,74,35,59,31,89,26,67,32,300,425,326,346,3,12,CRITICAL
87,46,69,35,76,51,88,32,85,40,78,39,259,304,238,354,3,16,CRITICAL
77,30,93,37,54,34,85,51,72,49,75,49,309,205,235,274,0,10,WARNING
62,38,85,41,87,37,64,14,66,42,66,39,368,234,239,266,3,15,CRITICAL
77,34,86,22,80,23,80,47,86,44,65,28,322,288,283,188,0,11,WARNING
95,39,90,52,61,32,49,25,82,29,55,18,328,299,278,336,3,22,CRITICAL
71,35,73,37,48,41,74,21,62,19,86,23,297,315,237,375,0,12,WARNING
95,22,74,51,69,19,78,46,60,49,78,35,189,299,304,413,1,26,WARNING
32,44,62,27,65,37,97,42,40,55,85,28,217,270,414,321,0,14,WARNING
84,30,67,53,73,36,60,47,74,50,67,36,307,228,262,246,0,10,WARNING
73,19,81,42,66,35,52,43,70,31,62,29,279,296,266,181,0,6,WARNING
67,30,90,40,41,45,58,55,89,23,55,24,306,390,320,372,1,3,WARNING
73,50,69,37,66,38,51,40,77,24,77,23,380,336,259,174,1,6,WARNING
42,43,65,32,67,49,92,33,92,18,56,50,323,304,326,276,0,6,WARNING
68,31,72,47,81,25,95,38,61,33,99,43,355,336,250,284,0,14,WARNING
77,31,81,36,61,36,76,47,89,51,52,52,285,245,390,295,1,8,WARNING
94,31,50,15,97,35,90,27,64,33,76,40,231,236,308,302,3,13,CRITICAL
64,55,37,23,43,24,74,28,83,38,95,30,276,221,255,309,0,19,WARNING
59,38,63,33,91,44,70,31,50,48,80,48,231,261,257,130,0,11,WARNING
64,39,53,38,68,58,67,13,75,30,74,34,373,242,261,301,2,24,CRITICAL
85,45,64,34,84,34,67,36,42,55,57,37,327,348,365,143,0,4,WARNING
76,37,69,47,73,40,48,16,67,54,51,34,311,239,220,351,0,11,WARNING
64,32,65,15,89,35,75,35,78,33,83,5,354,217,253,261,1,8,WARNING
79,33,93,36,66,27,71,43,64,29,94,51,158,396,259,149,2,17,WARNING
73,34,76,16,55,16,83,30,56,41,65,39,315,240,289,243,0,0,WARNING
86,34,76,42,93,27,73,51,84,31,54,38,201,279,275,260,3,3,CRITICAL
61,42,81,34,70,21,69,20,70,23,35,34,279,299,207,383,3,11,CRITICAL
67,35,54,39,75,52,58,46,64,47,57,36,261,196,268,313,3,21,CRITICAL
66,42,87,26,90,33,73,41,72,47,70,29,319,350,284,324,3,13,CRITICAL
50,34,70,47,56,31,83,17,100,36,95,41,293,311,255,382,0,3,WARNING
76,35,82,45,80,43,54,60,89,22,82,21,360,371,327,293,0,4,WARNING
75,15,55,40,63,23,73,34,89,22,76,36,243,225,340,352,3,22,CRITICAL
72,44,48,33,70,27,75,26,78,36,65,40,322,276,285,347,0,8,WARNING
68,38,84,40,73,35,61,20,74,30,63,33,289,272,302,209,2,6,CRITICAL
50,44,77,27,49,45,63,32,36,31,93,38,181,287,171,403,0,20,WARNING
65,6,58,43,60,40,75,33,61,45,75,25,224,175,266,200,0,18,WARNING
66,55,58,51,92,37,54,36,64,42,40,25,271,277,345,364,0,19,WARNING
59,33,88,45,85,35,77,32,43,48,61,37,346,177,266,193,2,6,CRITICAL
69,46,54,27,71,39,58,41,54,25,59,41,307,293,249,342,0,2,WARNING
78,24,96,38,75,37,87,31,42,31,63,16,209,131,415,430,1,12,WARNING
100,41,58,22,67,24,100,15,71,42,80,40,271,149,390,285,1,14,WARNING
74,24,81,40,92,35,59,33,84,39,70,29,401,323,315,282,2,14,CRITICAL
75,28,67,39,68,24,80,11,88,50,70,33,286,234,352,342,0,20,WARNING
70,54,81,16,75,35,61,38,78,39,91,21,260,205,167,276,2,1,CRITICAL
43,33,63,23,89,30,87,25,57,53,61,26,309,352,246,427,1,17,CRITICAL
71,37,69,32,60,60,53,36,43,40,99,44,325,291,264,313,2,5,CRITICAL
72,43,72,31,95,34,79,48,45,45,61,35,252,326,277,277,0,17,WARNING
100,39,56,22,49,20,58,25,52,31,73,31,310,259,263,262,0,9,WARNING
69,36,83,38,96,33,68,45,58,35,67,33,260,444,149,234,1,7,WARNING
76,38,64,37,66,40,56,30,69,44,73,39,323,230,311,256,3,8,CRITICAL
71,59,68,33,68,51,84,52,56,51,78,39,290,383,319,275,0,3,WARNING
54,34,57,27,43,29,59,31,77,42,78,34,308,266,378,265,1,12,CRITICAL
89,37,33,45,65,19,80,26,68,34,60,45,234,162,246,253,2,7,CRITICAL
83,45,69,51,56,43,66,41,72,48,55,44,230,301,242,446,2,16,WARNING
83,46,100,30,62,21,70,30,89,13,100,39,336,290,142,227,1,15,WARNING
58,46,83,28,69,30,74,26,54,20,64,35,275,201,273,310,1,22,CRITICAL
93,41,71,39,86,32,60,30,78,41,82,41,297,210,339,341,2,14,WARNING
50,23,68,31,75,34,75,34,71,35,47,38,261,268,256,344,0,15,WARNING
80,51,72,33,76,41,94,48,66,41,67,45,333,292,407,295,1,20,WARNING
100,23,80,42,55,28,60,15,85,35,70,43,243,109,275,283,0,8,WARNING
57,38,54,15,58,32,89,35,85,40,79,24,271,338,298,331,0,3,WARNING
63,27,88,48,98,34,94,41,57,26,31,24,327,237,215,318,0,13,WARNING
73,34,82,35,60,36,59,36,69,40,74,27,350,183,305,281,1,3,WARNING
64,38,82,30,96,35,50,48,76,44,54,44,248,331,181,190,1,26,WARNING
48,38,78,34,68,39,76,34,67,47,76,19,397,268,328,267,0,20,WARNING
73,39,72,34,72,43,63,33,80,55,56,38,298,349,329,219,3,24,CRITICAL
56,51,82,17,88,38,100,40,76,37,59,38,217,298,364,253,0,12,WARNING
79,39,80,49,91,39,72,35,99,37,67,46,302,269,233,302,2,15,WARNING
58,32,66,35,70,19,59,31,49,19,56,36,257,260,298,325,0,9,CRITICAL
95,44,63,39,66,35,54,40,70,29,64,21,306,301,321,424,2,17,CRITICAL
60,46,73,44,71,39,88,28,58,33,54,25,277,243,314,262,2,4,CRITICAL
67,22,95,24,77,42,63,28,81,45,44,23,284,214,242,354,1,0,WARNING
84,40,53,39,85,28,72,29,47,28,87,29,225,309,158,321,2,7,CRITICAL
53,42,49,32,72,28,86,48,77,42,52,33,339,260,309,390,0,3,WARNING
75,32,74,43,81,29,64,2,62,34,69,23,210,272,281,340,3,20,CRITICAL
91,48,72,13,96,40,71,38,60,33,83,49,213,340,258,229,2,22,WARNING
47,33,74,34,77,45,71,35,50,37,62,21,302,262,332,179,0,3,WARNING
74,36,75,28,76,30,82,18,65,31,59,48,376,270,287,321,0,19,WARNING
75,33,68,39,49,44,80,38,88,30,75,46,258,231,217,263,1,17,WARNING
83,35,94,39,32,36,68,39,71,17,88,43,322,297,183,231,0,2,WARNING
53,24,47,27,77,33,72,40,81,32,54,28,344,292,227,211,1,9,CRITICAL
52,20,59,27,70,32,66,8,96,30,69,38,328,328,421,311,0,8,WARNING
79,50,70,33,64,42,49,48,75,29,46,22,261,232,329,405,0,16,WARNING
76,26,47,26,75,38,75,27,63,39,66,44,214,240,300,271,3,4,CRITICAL
75,25,69,43,71,57,100,41,79,41,72,34,147,321,280,341,1,11,WARNING
77,13,96,31,88,26,58,42,63,37,59,30,264,286,276,292,3,7,CRITICAL
61,28,72,5,73,40,60,26,64,44,65,22,350,211,354,209,1,14,CRITICAL
75,21,75,31,60,29,58,41,49,40,50,10,212,354,263,351,2,10,CRITICAL
76,51,53,24,86,26,82,31,85,32,73,24,322,159,321,223,0,8,WARNING
61,45,62,18,68,34,78,14,66,30,87,46,222,320,270,301,0,10,WARNING
99,28,66,22,79,36,69,46,74,38,55,30,286,187,396,276,3,24,CRITICAL
79,57,67,36,64,60,58,27,56,40,62,33,322,392,330,362,2,9,CRITICAL
54,44,91,48,62,33,73,26,78,48,79,41,240,169,358,225,0,5,WARNING
81,31,80,38,73,23,48,30,60,46,90,53,290,344,257,327,1,15,WARNING
57,10,55,28,72,37,74,37,69,29,49,48,255,264,348,241,1,11,CRITICAL
83,57,75,39,79,14,85,34,85,33,69,25,322,246,272,264,0,3,WARNING
89,21,79,30,67,34,53,40,83,41,76,15,294,282,296,100,1,25,WARNING
59,18,89,28,44,35,49,21,71,45,70,58,283,311,379,446,1,9,CRITICAL
86,45,95,23,65,42,95,27,45,44,34,57,373,211,232,338,0,9,WARNING
78,59,56,17,83,44,62,33,100,34,79,36,319,216,301,246,0,12,WARNING
84,48,59,31,67,29,89,53,98,22,94,22,238,312,314,221,3,22,CRITICAL
100,40,53,36,68,33,69,33,82,25,73,44,274,159,318,265,0,1,WARNING
68,40,68,34,86,27,69,45,60,37,56,33,275,232,265,350,3,13,CRITICAL
60,43,78,30,61,23,78,35,70,38,64,33,284,467,404,167,2,24,CRITICAL
58,42,86,25,48,38,58,30,63,24,98,43,431,207,218,290,3,12,CRITICAL
59,37,70,41,69,22,73,32,90,35,85,38,302,344,370,423,1,4,WARNING
70,36,67,21,64,30,66,33,75,41,81,23,157,231,356,220,0,8,WARNING
77,34,74,42,57,25,52,41,60,23,77,31,247,303,394,305,0,13,WARNING
76,27,59,24,69,40,77,48,64,46,62,41,164,312,202,454,0,19,WARNING
84,32,100,27,79,53,68,38,88,31,68,40,260,343,242,344,1,9,WARNING
72,18,47,20,71,21,69,46,96,47,70,37,160,256,372,308,0,16,WARNING
93,34,74,29,76,16,53,25,94,29,80,44,227,399,186,335,0,3,WARNING
68,25,100,44,99,33,95,30,83,24,94,31,188,231,201,271,2,3,CRITICAL
100,23,72,40,66,35,85,27,68,30,88,36,303,285,263,390,1,9,WARNING
81,36,69,44,76,37,86,38,30,34,50,1,280,285,300,272,2,20,CRITICAL
59,48,66,40,64,30,67,31,76,31,75,30,298,197,377,162,1,12,WARNING
55,44,69,23,59,32,46,42,71,32,83,42,273,251,279,272,2,13,CRITICAL
79,19,92,31,63,38,100,25,74,38,81,31,196,280,256,232,1,13,WARNING
68,25,38,27,64,45,71,35,72,33,62,30,310,241,307,280,3,18,CRITICAL
82,44,95,48,77,15,60,41,52,34,100,24,395,428,315,281,1,8,WARNING
79,25,50,23,100,31,78,14,80,17,52,45,304,215,314,383,1,16,CRITICAL
70,32,68,43,61,37,89,56,81,38,55,40,254,346,280,348,0,7,WARNING
59,40,65,43,65,25,71,32,82,34,75,43,194,325,182,318,1,23,WARNING
49,25,80,53,71,52,91,14,86,51,100,17,225,269,239,299,1,7,WARNING
65,36,48,30,77,28,88,36,81,25,59,33,307,213,368,225,1,6,WARNING
84,21,78,42,75,34,55,35,65,16,68,32,344,220,300,147,1,15,WARNING
75,28,100,57,91,40,61,34,70,41,88,32,295,236,272,307,0,12,WARNING
53,38,51,28,35,29,86,44,73,38,71,28,327,153,351,355,0,13,WARNING
74,19,74,19,36,16,31,42,73,24,66,31,322,204,227,292,0,13,CRITICAL
77,39,62,16,64,30,69,37,86,19,80,43,310,173,277,262,3,5,CRITICAL
58,34,78,42,88,45,50,39,81,50,76,15,240,357,297,332,2,21,WARNING
74,40,72,16,48,31,64,33,100,49,87,52,290,310,265,294,0,17,WARNING
72,37,62,31,30,26,67,52,100,10,91,39,229,321,295,418,1,20,WARNING
54,48,79,39,80,44,66,20,73,30,76,34,281,308,279,386,1,8,WARNING
77,36,99,36,75,31,63,36,30,51,76,44,299,280,213,367,2,14,WARNING
80,30,69,39,55,29,55,35,90,30,75,20,380,364,299,353,0,13,WARNING
88,36,82,37,57,36,100,43,63,30,79,28,201,230,216,209,0,18,WARNING
87,40,52,47,57,42,100,26,59,32,72,33,308,276,299,346,0,18,WARNING
51,35,57,25,73,58,54,17,66,23,71,48,368,318,365,326,3,13,CRITICAL
57,35,79,28,62,43,95,36,65,17,89,34,325,184,274,342,2,2,CRITICAL
79,27,94,27,79,46,66,37,81,45,94,39,329,471,225,334,0,22,WARNING
79,28,77,43,30,29,73,49,48,16,49,29,315,271,283,331,1,15,CRITICAL
79,20,67,44,59,24,71,22,55,37,72,39,357,279,244,489,2,8,CRITICAL
100,52,71,39,55,35,62,46,77,43,61,51,214,351,322,294,1,14,WARNING
80,22,53,46,68,36,86,58,81,20,67,44,196,329,281,365,1,2,WARNING
89,28,81,23,63,24,73,31,81,25,78,34,279,272,384,267,1,18,WARNING
86,27,85,51,83,33,64,22,60,47,82,41,150,278,353,355,2,3,WARNING
81,43,65,50,44,38,52,30,57,40,70,40,353,172,281,365,0,10,WARNING
67,32,64,42,72,38,58,35,64,28,43,40,353,233,329,325,0,13,WARNING
83,47,75,52,80,40,47,40,75,47,57,46,253,303,268,416,2,18,WARNING
60,28,65,18,99,37,72,29,94,47,85,46,257,298,291,238,2,12,CRITICAL
68,37,71,29,64,29,54,50,41,37,30,33,275,349,270,265,2,15,CRITICAL
64,26,100,27,76,29,68,23,68,25,89,41,283,262,332,314,3,11,CRITICAL
73,56,68,42,44,23,92,17,52,30,79,31,287,179,368,361,3,11,CRITICAL
100,23,66,24,36,52,89,46,47,37,91,25,313,338,333,312,1,12,WARNING
43,38,62,42,84,35,71,12,86,33,69,32,269,363,340,390,0,10,WARNING
82,41,83,48,71,32,70,32,80,44,41,34,336,328,340,253,1,1,WARNING
47,39,69,41,89,25,100,60,78,19,78,18,306,259,320,220,2,7,CRITICAL
64,33,62,37,51,60,79,34,85,20,91,43,243,337,227,321,3,13,CRITICAL
88,33,91,25,79,24,67,23,64,36,85,7,360,492,383,294,0,10,WARNING
72,35,93,26,100,30,50,34,65,30,62,60,198,277,389,338,1,11,WARNING
55,33,62,47,78,39,77,34,100,28,73,50,274,184,277,298,1,10,WARNING
61,44,44,42,76,41,84,36,68,17,64,32,338,231,269,276,0,6,WARNING
82,57,87,34,72,44,62,41,83,35,59,35,236,310,323,294,1,9,WARNING
61,29,61,30,48,53,76,24,72,34,86,38,298,165,320,302,0,10,WARNING
75,21,83,14,92,40,66,51,44,41,54,29,312,281,278,278,2,12,CRITICAL
72,34,42,24,62,24,69,37,41,35,58,36,228,294,221,285,0,14,CRITICAL
62,60,85,54,79,32,34,42,63,33,55,33,275,369,306,271,0,10,WARNING
100,26,53,22,48,38,68,28,87,46,49,34,270,355,320,359,1,5,CRITICAL
81,51,82,36,54,55,86,47,83,21,74,36,246,326,329,313,2,3,WARNING
41,51,72,45,93,21,62,32,85,40,89,21,418,129,309,457,0,27,WARNING
74,29,57,22,66,47,72,37,57,18,69,35,234,329,275,311,1,5,CRITICAL
62,40,65,36,93,36,60,25,96,26,49,36,340,315,344,261,3,8,CRITICAL
84,51,82,44,70,43,77,25,57,22,84,36,256,286,293,486,0,15,WARNING
60,31,73,35,44,33,68,41,75,42,97,32,214,157,264,328,1,14,WARNING
70,32,80,60,85,26,57,30,71,34,62,46,286,219,280,369,1,15,WARNING
79,29,100,18,63,42,91,26,69,34,64,31,318,194,193,341,1,9,WARNING
84,24,48,45,82,41,85,28,92,23,79,37,335,139,279,343,0,13,WARNING
53,28,96,33,72,44,62,41,61,32,96,47,373,269,327,337,2,12,WARNING
66,22,73,42,48,34,79,28,51,27,64,34,456,218,308,222,0,10,WARNING
64,35,58,39,74,29,80,33,72,38,52,37,295,440,373,325,0,13,WARNING
62,27,52,27,100,19,81,35,66,25,81,34,240,259,275,207,0,18,WARNING
98,37,69,37,79,43,46,15,100,48,83,47,307,354,316,287,1,11,WARNING
78,19,85,16,71,39,87,20,82,18,72,32,264,168,333,249,0,11,WARNING
53,38,70,41,88,25,63,38,65,26,63,47,335,235,418,325,1,18,WARNING
85,43,94,37,75,29,66,27,56,51,86,33,202,276,297,323,1,17,WARNING
100,15,50,41,75,30,100,45,43,30,79,26,422,210,232,333,1,21,WARNING
87,38,71,45,55,20,76,44,56,21,60,41,331,242,336,320,0,1,WARNING
49,47,53,38,75,26,66,42,73,37,72,31,178,255,392,257,0,17,WARNING
64,22,77,36,87,23,38,53,93,30,51,41,237,254,272,281,1,15,WARNING
91,51,85,26,59,30,92,34,88,26,82,7,328,390,336,364,3,6,CRITICAL
61,39,65,27,93,27,51,41,75,24,68,35,350,294,357,374,1,13,WARNING
78,27,32,46,70,18,56,29,67,60,65,30,203,301,345,219,0,18,WARNING
83,34,74,49,58,55,67,59,76,32,71,24,322,305,296,192,0,7,WARNING
58,40,78,32,86,47,93,54,64,15,72,29,163,309,251,249,0,14,WARNING
71,35,78,35,67,27,83,35,97,49,85,29,274,264,285,373,0,17,WARNING
30,40,90,25,83,37,69,38,69,41,80,34,346,249,315,385,1,5,WARNING
56,25,55,46,67,39,76,48,70,27,69,21,246,280,339,235,0,11,WARNING
68,36,82,41,71,46,62,33,38,25,83,38,189,345,308,321,0,13,WARNING
53,20,89,54,79,26,74,28,69,41,78,48,288,343,269,428,2,7,WARNING
96,33,45,26,76,45,73,43,84,32,65,37,243,254,320,329,2,6,WARNING
50,25,76,31,42,29,86,35,55,15,70,43,317,319,337,399,1,11,CRITICAL
65,27,64,37,55,21,86,36,60,52,69,45,226,257,310,369,0,16,WARNING
73,47,70,41,85,42,79,26,83,30,79,47,233,272,244,236,0,15,WARNING
93,45,77,32,70,47,66,17,49,49,66,53,158,239,280,286,0,6,WARNING
50,41,64,26,64,60,83,37,87,47,66,30,290,258,342,302,0,15,WARNING
89,24,61,43,51,23,70,44,64,24,100,27,270,357,213,307,1,6,WARNING
72,31,72,42,55,41,55,32,66,45,86,42,208,276,174,364,0,2,WARNING
57,47,55,25,41,30,65,49,55,28,60,42,291,278,372,328,3,9,CRITICAL
78,36,55,48,70,42,73,27,77,16,80,42,341,175,318,100,0,18,WARNING
74,58,82,46,63,20,85,24,100,30,73,53,267,249,323,208,0,15,WARNING
62,38,54,36,57,22,69,34,83,38,77,35,296,254,230,146,3,11,CRITICAL
73,36,81,35,70,27,53,34,59,30,74,39,296,216,330,312,0,9,WARNING
66,31,78,40,77,35,72,42,89,31,89,25,207,271,305,316,0,9,WARNING
73,36,46,26,100,28,73,27,67,46,77,56,403,242,202,319,1,12,WARNING
81,33,61,35,49,41,74,48,92,36,71,31,251,275,368,232,0,5,WARNING
95,42,89,13,89,45,85,54,84,26,87,31,319,277,298,347,0,9,WARNING
53,44,57,43,86,40,87,34,30,42,75,31,326,207,268,350,1,10,WARNING
100,27,65,19,60,51,63,47,56,36,73,28,271,244,269,212,1,3,WARNING
42,21,78,50,75,39,62,24,86,9,76,27,316,275,179,197,2,6,CRITICAL
69,16,83,31,65,22,56,45,74,39,70,29,294,346,322,299,0,14,WARNING
80,40,68,32,74,48,82,45,56,38,72,21,194,286,304,425,2,12,WARNING
76,23,63,28,94,28,93,43,62,35,63,27,260,226,279,418,0,10,WARNING
62,13,93,32,81,44,67,34,43,43,60,54,243,295,360,339,0,6,WARNING
68,38,98,49,79,50,68,5,70,28,57,42,252,380,213,248,0,21,WARNING
64,59,86,10,65,39,94,28,100,38,51,44,201,329,257,362,1,6,WARNING
63,34,73,47,49,20,79,28,84,19,58,46,347,305,243,268,1,13,CRITICAL
84,43,59,38,68,25,78,25,100,39,69,53,376,317,274,246,1,9,WARNING
77,35,59,22,90,48,54,36,85,54,73,17,338,363,293,149,1,12,WARNING
61,34,79,24,49,33,82,30,87,25,67,22,356,339,313,307,1,14,CRITICAL
85,44,78,51,56,35,58,26,100,27,36,26,259,306,270,255,0,3,WARNING
76,32,93,25,73,42,54,24,77,27,95,30,241,339,241,306,1,11,WARNING
84,37,81,23,57,41,66,27,69,36,88,31,233,199,382,139,0,19,WARNING
81,38,49,46,60,37,63,46,87,24,78,30,318,172,422,311,0,22,WARNING
59,28,87,38,65,32,68,28,93,39,100,37,293,280,297,129,2,11,CRITICAL
63,44,57,25,51,31,50,29,64,43,57,35,275,274,248,376,1,12,CRITICAL
83,33,66,37,57,43,86,30,61,40,100,27,357,234,371,336,0,25,WARNING
81,27,75,24,82,40,88,38,74,17,57,13,304,323,210,280,1,18,WARNING
71,40,100,46,52,32,42,39,84,44,75,25,229,148,271,339,0,8,WARNING
73,26,100,45,48,45,86,4,83,44,52,29,239,235,251,231,2,8,CRITICAL
91,35,81,40,62,33,59,45,50,43,72,32,320,238,226,305,2,17,CRITICAL
63,34,69,38,82,26,84,49,100,38,77,23,342,163,274,355,0,5,WARNING
80,45,80,52,69,27,70,24,62,37,69,30,313,367,242,100,1,18,WARNING
68,39,85,34,65,25,72,25,68,45,82,23,393,181,290,268,2,14,CRITICAL
68,34,67,23,72,32,69,30,58,54,73,33,378,231,291,298,1,15,WARNING
88,43,98,39,45,47,90,27,100,25,64,24,306,329,255,286,0,10,WARNING
84,48,75,55,79,26,53,37,75,45,63,26,229,311,269,401,1,8,WARNING
84,40,79,24,77,36,81,15,59,34,84,21,201,197,277,221,2,20,CRITICAL
91,35,81,31,65,28,88,23,84,33,62,33,256,314,334,256,0,10,WARNING
72,21,78,39,87,32,82,50,83,19,85,26,325,288,281,165,0,9,WARNING
82,24,84,34,55,19,100,25,69,32,90,44,389,421,335,405,0,11,WARNING
67,31,62,25,88,32,64,47,84,25,46,39,305,296,322,282,3,13,CRITICAL
76,28,63,46,74,33,86,38,59,30,88,34,350,260,321,269,0,5,WARNING
70,33,55,58,66,40,70,16,64,24,100,27,265,214,366,296,0,8,WARNING
73,35,78,36,71,37,90,41,41,30,75,38,317,221,228,344,0,8,WARNING
80,40,83,25,70,23,71,33,52,30,80,41,329,216,263,324,1,17,WARNING
59,34,78,19,90,45,66,30,99,35,87,36,161,359,386,485,3,6,CRITICAL
100,39,97,37,55,37,91,37,96,18,67,51,255,271,275,331,0,1,WARNING
56,35,71,46,60,36,64,39,72,20,74,39,336,306,135,267,1,0,WARNING
53,15,82,39,87,34,50,42,96,38,52,44,296,368,278,260,1,3,WARNING
89,25,55,34,63,29,64,46,69,27,74,36,208,116,297,272,3,20,CRITICAL
83,33,66,29,85,37,81,39,68,45,79,41,134,353,146,194,1,12,WARNING
81,22,82,24,97,39,92,21,72,37,79,27,258,273,363,302,2,15,CRITICAL
81,40,84,43,65,17,73,30,70,41,87,30,275,298,250,354,1,15,WARNING
71,50,67,44,82,29,91,60,68,49,60,38,226,216,308,257,1,12,WARNING
58,47,70,19,54,32,51,42,89,31,64,38,288,220,277,243,1,11,CRITICAL
73,32,49,50,83,37,65,58,74,29,100,40,310,301,219,406,1,18,WARNING
61,49,66,40,74,46,67,48,82,43,69,46,320,424,231,200,2,12,WARNING
86,36,85,48,79,27,70,37,87,40,75,20,138,335,238,155,1,20,WARNING
69,31,80,21,62,30,73,38,77,33,70,25,201,352,349,219,1,15,WARNING
59,28,79,21,47,29,82,34,57,48,59,37,261,257,281,192,1,8,CRITICAL
67,31,72,33,79,26,65,17,51,32,96,27,314,230,261,327,2,9,CRITICAL
78,31,72,40,41,31,74,35,74,35,64,60,309,219,238,274,1,7,WARNING
63,36,62,52,67,42,71,47,69,35,55,40,308,238,355,284,0,19,WARNING
59,36,82,42,86,24,58,29,73,25,65,34,256,136,370,380,3,9,CRITICAL
75,35,78,32,74,39,70,39,71,35,41,29,260,222,355,251,1,7,WARNING
75,39,79,24,100,17,69,43,100,48,62,30,236,233,317,354,2,13,CRITICAL
64,46,64,47,87,29,69,25,52,39,57,35,326,258,305,405,0,11,WARNING
64,44,39,25,62,31,72,30,42,35,81,36,224,278,223,268,0,13,WARNING
75,20,88,51,72,51,73,24,76,33,61,30,331,293,276,351,2,23,CRITICAL
50,9,64,32,71,32,65,26,66,38,85,32,292,269,252,283,3,17,CRITICAL
50,44,59,50,48,12,91,22,76,42,92,48,277,232,189,364,1,12,WARNING
61,21,82,41,57,15,54,25,80,41,83,48,240,142,348,189,1,3,WARNING
68,32,66,33,63,35,61,49,91,31,68,37,198,232,251,184,1,9,WARNING
76,23,87,29,41,41,100,25,49,38,74,21,241,206,355,272,0,16,WARNING
94,16,81,31,72,38,56,36,63,39,49,40,260,300,338,237,0,4,WARNING
84,40,82,39,68,36,51,29,78,24,69,50,137,329,320,263,2,24,CRITICAL
69,42,51,35,46,46,83,46,83,36,59,48,268,331,323,284,1,12,WARNING
71,29,90,29,78,29,40,48,100,13,82,42,335,319,256,350,1,12,WARNING
56,9,75,33,82,43,68,43,86,39,100,49,314,261,392,271,0,8,WARNING
71,29,66,35,75,18,100,38,71,41,79,35,250,236,292,242,0,14,WARNING
67,38,74,13,67,25,48,32,58,42,42,41,282,221,306,275,1,5,CRITICAL
76,20,45,39,80,16,42,23,63,31,66,28,246,172,254,246,0,24,CRITICAL
59,36,78,25,82,32,49,54,63,38,73,37,288,334,238,234,0,19,WARNING
79,34,56,23,76,34,85,27,81,49,73,48,372,258,316,187,0,17,WARNING
94,40,51,18,59,36,88,41,75,49,61,29,338,188,301,304,0,3,WARNING
70,36,49,17,76,35,64,45,52,34,75,26,311,216,246,260,0,13,WARNING
78,25,88,21,89,25,82,29,65,36,53,35,250,213,210,367,0,19,WARNING
82,46,62,27,63,33,92,45,85,46,57,32,324,272,220,198,3,15,CRITICAL
65,33,95,54,100,20,98,42,77,19,81,41,178,339,355,262,0,5,WARNING
75,34,63,29,64,48,68,52,80,31,56,30,264,247,256,426,1,8,WARNING
72,25,46,36,72,31,37,30,77,48,80,52,315,123,271,234,2,9,CRITICAL
73,30,55,39,61,30,59,22,96,44,51,22,324,257,369,283,1,8,CRITICAL
60,26,90,36,75,50,65,29,75,38,98,47,320,259,228,214,0,21,WARNING
72,33,69,34,45,22,68,37,66,19,60,27,297,255,250,205,2,0,CRITICAL
79,52,63,23,63,23,69,35,58,34,68,17,268,229,247,408,1,15,CRITICAL
93,21,74,49,55,24,88,31,75,29,76,37,312,284,378,311,0,4,WARNING
86,18,79,53,74,34,91,15,35,38,63,32,222,274,399,309,2,6,CRITICAL
100,49,88,18,86,39,69,39,69,26,74,23,229,268,331,181,1,0,WARNING
60,32,93,24,81,42,88,54,68,24,80,18,283,296,333,325,1,8,WARNING
85,28,66,32,36,60,77,39,51,14,86,34,290,242,258,381,0,21,WARNING
74,45,52,25,100,12,72,41,58,47,83,44,170,238,397,380,2,13,CRITICAL
100,28,65,40,76,41,85,40,84,31,69,40,307,359,304,346,2,4,WARNING
59,53,75,27,60,29,73,38,75,36,69,35,326,306,336,220,0,18,WARNING
59,41,57,56,74,29,100,44,73,34,100,39,275,323,284,321,0,19,WARNING
63,30,57,46,74,28,50,38,76,24,86,34,422,349,275,346,3,12,CRITICAL
40,56,77,37,61,25,64,31,73,22,58,20,239,304,381,174,1,24,CRITICAL
64,28,71,45,74,51,70,27,90,24,73,20,258,330,319,221,0,16,WARNING
60,42,72,46,62,43,78,32,73,27,66,32,256,167,369,362,0,16,WARNING
74,37,60,29,65,35,91,38,50,38,69,33,275,283,304,361,0,7,WARNING
77,48,68,26,61,48,71,31,96,27,53,43,260,258,243,191,0,15,WARNING
100,50,58,35,50,19,50,38,77,52,65,42,195,379,257,355,1,13,WARNING
86,35,85,43,74,21,84,39,63,45,99,41,247,330,295,306,0,15,WARNING
63,27,87,36,80,13,83,43,53,43,80,32,274,229,255,354,2,7,CRITICAL
58,39,44,19,79,28,42,47,77,33,34,21,353,294,229,255,3,12,CRITICAL
79,28,58,26,84,36,71,35,70,50,90,39,412,280,356,345,0,7,WARNING
52,55,49,34,76,36,48,21,95,32,88,40,360,299,260,359,3,0,CRITICAL
99,36,62,34,64,36,62,31,66,34,66,11,233,203,297,275,3,17,CRITICAL
89,31,70,54,84,20,58,35,59,36,82,26,238,293,306,301,3,2,CRITICAL
64,36,50,21,51,43,84,16,85,42,59,28,270,255,257,254,2,12,CRITICAL
46,21,58,40,58,37,73,48,85,41,64,36,387,288,369,415,0,13,WARNING
92,25,56,49,57,42,52,36,74,30,94,26,270,222,228,291,3,13,CRITICAL
70,47,75,57,88,16,85,38,82,29,67,34,200,231,304,235,3,10,CRITICAL
90,28,73,30,86,38,50,48,71,41,43,32,249,346,303,249,0,13,WARNING
48,24,61,39,79,23,76,28,75,42,71,33,325,201,287,308,2,14,CRITICAL
63,40,74,40,88,31,59,40,89,31,70,27,321,206,218,352,1,16,WARNING
72,46,63,36,58,40,66,33,81,19,89,28,267,266,337,206,0,22,WARNING
72,42,67,34,77,35,79,33,69,32,72,24,321,219,330,429,2,13,CRITICAL
65,44,97,39,70,26,79,27,92,41,65,38,143,212,252,321,1,12,WARNING
81,27,92,9,84,35,92,51,36,53,87,40,286,276,328,332,0,6,WARNING
55,20,52,41,70,19,70,31,100,23,73,27,331,172,310,293,1,14,CRITICAL
69,50,84,36,66,46,76,41,46,30,60,50,230,204,219,301,0,16,WARNING
73,31,84,32,80,32,65,16,62,31,89,31,229,403,243,289,1,10,WARNING
79,32,54,55,85,46,74,46,71,48,74,50,168,299,352,371,2,15,WARNING
82,48,84,28,61,29,78,45,69,34,72,28,375,221,307,299,1,10,WARNING
55,40,95,30,71,29,70,35,87,25,74,14,236,297,258,353,0,16,WARNING
48,39,55,54,56,27,44,32,56,40,55,39,294,306,242,269,1,17,CRITICAL
91,56,58,26,34,43,76,39,75,30,64,37,316,334,261,313,2,17,CRITICAL
76,28,87,29,75,27,77,57,63,22,72,35,370,261,265,243,0,12,WARNING
60,44,76,33,81,41,61,17,76,26,69,28,270,333,243,385,0,5,WARNING
95,35,80,43,75,31,52,42,71,52,91,34,247,137,194,241,3,8,CRITICAL
73,37,77,37,42,15,94,25,73,38,75,29,290,201,352,277,1,15,WARNING
89,50,77,22,66,29,79,34,63,36,84,31,357,280,343,277,0,26,WARNING
73,40,52,29,38,23,68,32,64,32,72,43,269,291,219,275,2,9,CRITICAL
100,40,87,28,92,35,54,30,76,37,87,36,222,210,297,350,1,14,WARNING
98,45,89,34,55,23,59,34,86,37,77,41,187,286,240,277,0,8,WARNING
68,31,68,39,90,44,91,23,63,37,72,32,206,229,275,397,1,6,WARNING
86,26,71,39,86,34,74,45,58,36,71,31,331,251,271,242,0,7,WARNING
81,24,49,17,58,33,63,17,81,43,57,23,260,336,266,311,2,0,CRITICAL
92,15,79,45,55,41,79,40,71,35,79,31,243,329,400,245,0,20,WARNING
57,55,80,37,77,44,59,31,84,25,71,1,237,205,265,329,0,0,WARNING
82,23,71,48,59,34,94,23,58,28,64,29,285,201,245,298,3,10,CRITICAL
87,32,88,39,73,27,92,37,45,15,88,34,265,243,248,289,0,4,WARNING
45,32,66,46,64,17,65,19,64,55,53,40,263,268,347,383,0,6,WARNING
54,38,80,39,45,28,62,35,60,43,65,32,360,227,199,254,0,20,WARNING
41,43,56,48,38,28,32,20,70,26,87,38,372,337,248,341,0,13,CRITICAL
67,43,71,40,75,36,49,39,62,32,76,13,183,292,369,246,0,6,WARNING
82,29,69,34,63,31,51,25,83,28,71,34,299,296,303,307,0,8,WARNING
94,33,75,57,63,41,74,30,67,50,75,18,233,187,300,216,3,7,CRITICAL
73,37,66,43,82,28,67,37,74,20,74,22,265,345,407,253,2,11,CRITICAL
96,32,70,40,89,34,51,27,74,36,49,33,298,100,303,294,2,13,CRITICAL
51,51,84,22,67,46,67,34,74,33,66,47,267,324,251,427,0,23,WARNING
46,39,65,22,66,38,79,19,71,43,96,38,293,330,274,307,0,0,WARNING
71,42,47,37,79,34,79,41,79,33,62,35,320,241,227,415,3,11,CRITICAL
77,41,98,36,51,28,43,52,60,17,67,34,297,352,359,315,0,10,WARNING
71,46,92,28,75,28,70,60,92,32,63,27,241,265,321,272,1,17,WARNING
40,36,52,36,80,26,51,35,68,25,70,29,242,274,351,407,0,14,WARNING
70,22,82,50,82,29,85,42,52,35,63,39,193,292,356,330,0,15,WARNING
52,38,64,41,42,42,83,17,74,49,79,21,228,477,267,255,1,14,WARNING
82,28,75,23,60,32,58,50,59,17,74,40,397,357,238,332,1,6,CRITICAL
77,29,76,33,58,21,60,42,81,26,83,31,232,315,287,279,3,19,CRITICAL
57,40,68,26,73,52,65,30,100,29,56,43,208,210,241,160,1,16,WARNING
64,47,60,31,79,38,38,47,60,31,66,44,299,279,299,365,0,17,WARNING
56,35,61,30,94,20,77,32,76,42,68,18,273,217,352,376,1,19,WARNING
71,38,58,30,64,30,67,30,45,33,78,29,268,323,280,428,1,14,CRITICAL
86,52,59,22,64,36,86,39,78,39,60,26,364,279,298,329,0,20,WARNING
57,37,70,33,89,52,55,24,58,28,85,16,312,196,284,282,2,14,CRITICAL
79,60,61,29,76,23,62,45,62,37,89,24,248,275,334,358,0,10,WARNING
64,40,82,5,91,44,49,24,55,42,57,59,254,214,253,359,0,11,WARNING
60,17,94,55,76,48,56,24,82,27,64,41,249,279,169,414,3,11,CRITICAL
70,42,63,45,54,28,54,25,87,42,64,54,332,214,315,296,2,8,CRITICAL
56,38,75,31,52,32,86,42,72,35,100,43,261,271,344,288,3,21,CRITICAL
63,47,79,35,48,24,61,28,59,45,65,27,172,318,314,249,0,13,WARNING
54,41,79,23,81,32,73,21,95,32,97,31,277,266,254,337,3,12,CRITICAL
100,33,73,51,89,34,66,28,60,38,53,40,187,244,227,191,1,14,WARNING
72,22,83,53,99,41,52,34,39,34,57,39,411,283,317,354,0,29,WARNING
61,32,79,36,84,45,69,23,78,34,61,29,222,315,297,341,0,5,WARNING
75,26,53,45,89,27,80,23,55,37,59,19,270,198,283,340,0,6,WARNING
70,29,85,36,63,15,53,56,86,40,67,60,295,286,390,309,1,3,WARNING
68,40,85,21,54,34,84,26,66,22,61,33,262,355,237,407,3,10,CRITICAL
81,51,60,30,84,37,59,31,81,49,59,31,262,307,387,361,1,13,WARNING
83,38,72,36,78,37,64,31,93,16,89,36,305,273,291,257,0,9,WARNING
64,23,82,30,73,31,79,30,53,28,90,32,371,311,189,258,1,8,WARNING
63,39,68,32,77,36,62,41,63,34,86,36,326,299,280,238,0,12,WARNING
67,46,88,34,76,50,72,44,70,39,79,47,368,318,342,338,1,8,WARNING
37,28,100,34,91,38,67,31,95,50,73,33,217,138,269,229,0,13,WARNING
49,33,60,35,91,31,73,22,62,16,64,23,299,169,208,375,1,18,CRITICAL
92,35,51,24,80,29,36,47,63,29,57,33,289,335,280,392,1,16,CRITICAL
96,27,76,27,84,33,44,34,79,13,77,30,301,172,242,238,0,17,WARNING
68,41,82,22,79,51,81,52,63,35,54,49,362,296,317,287,0,18,WARNING
80,33,68,44,65,33,87,12,74,37,57,46,266,247,332,301,1,13,WARNING
76,39,93,13,83,34,58,36,48,50,89,36,255,205,231,361,2,11,CRITICAL
100,26,51,46,51,30,68,54,100,36,100,22,312,292,251,412,0,7,WARNING
88,30,82,48,87,45,76,31,51,45,77,22,173,283,331,182,1,9,WARNING
70,42,62,31,54,54,82,32,67,40,88,35,265,407,242,277,1,8,WARNING
57,31,97,8,76,39,41,37,71,30,68,38,271,229,230,281,3,16,CRITICAL
47,52,100,31,59,35,58,29,100,20,51,31,224,363,225,201,1,14,WARNING
75,31,60,34,80,35,67,31,52,37,81,30,343,292,309,266,3,16,CRITICAL
60,37,63,24,71,11,82,31,100,20,80,29,216,227,307,329,0,5,WARNING
50,44,84,29,48,42,100,28,83,47,73,34,271,321,252,280,1,20,WARNING
62,20,66,50,78,36,68,47,78,33,68,11,297,306,290,191,0,9,WARNING
55,17,71,41,63,39,50,39,57,46,86,23,361,272,373,500,2,5,CRITICAL
97,19,72,25,85,27,78,37,80,30,57,28,279,287,236,318,2,9,CRITICAL
85,47,43,19,72,31,91,43,61,37,60,47,336,231,182,307,0,26,WARNING
71,29,71,31,77,30,73,32,90,37,56,26,322,216,315,223,3,9,CRITICAL
94,60,61,32,57,45,58,27,57,34,73,36,287,319,283,318,1,10,WARNING
73,29,64,39,63,31,86,28,70,30,55,37,214,255,250,288,1,10,WARNING
59,36,93,29,65,55,81,35,63,38,61,47,193,264,325,167,2,11,WARNING
94,50,53,40,84,39,56,24,57,25,61,47,286,288,336,225,1,7,WARNING
80,55,84,54,97,22,77,29,83,22,68,34,247,287,168,355,0,12,WARNING
56,55,67,43,59,33,86,29,80,47,49,30,335,177,254,436,0,18,WARNING
69,47,67,34,88,28,89,56,90,42,73,28,324,353,417,325,0,13,WARNING
58,45,83,33,39,13,71,7,45,35,90,32,268,277,322,377,3,5,CRITICAL
51,40,77,31,54,50,66,33,87,51,74,30,210,256,327,289,2,9,CRITICAL
85,42,80,46,57,42,90,52,100,32,95,40,310,298,354,293,0,8,WARNING
100,29,86,28,51,40,53,36,65,48,92,39,218,285,290,376,0,12,WARNING
51,26,67,35,48,36,78,42,100,36,83,40,234,319,333,416,0,19,WARNING
80,34,62,35,78,21,51,35,68,24,73,47,221,304,329,391,0,11,WARNING
62,33,55,29,68,30,87,28,51,53,72,53,271,316,319,225,0,11,WARNING
64,30,59,21,77,43,68,12,67,44,83,36,350,357,272,295,1,22,WARNING
63,41,100,38,82,24,91,37,87,33,66,45,279,327,299,319,0,17,WARNING
59,44,90,34,75,9,79,27,59,42,43,31,253,259,257,281,0,15,WARNING
72,35,51,40,81,32,53,26,62,30,79,46,188,197,290,327,1,23,WARNING
59,49,52,29,70,33,93,30,80,43,55,45,313,378,225,357,0,14,WARNING
76,23,79,47,54,36,95,52,72,11,57,45,233,254,246,370,3,0,CRITICAL
71,33,80,26,87,42,85,59,80,24,72,35,287,239,274,418,3,16,CRITICAL
68,27,80,52,63,41,60,37,75,44,70,28,258,157,238,276,0,2,WARNING
58,16,68,17,57,37,67,30,79,32,50,21,330,292,262,204,0,14,CRITICAL
63,34,70,39,69,46,74,23,65,37,74,34,270,279,280,325,1,1,WARNING
83,33,76,39,58,19,61,39,75,21,86,50,276,171,312,431,0,9,WARNING
79,50,73,27,65,40,97,52,58,53,55,31,309,299,342,266,0,9,WARNING
57,41,38,39,77,41,74,32,91,46,91,42,406,237,264,348,0,7,WARNING
73,24,68,47,77,22,31,11,62,32,48,43,333,444,363,348,1,9,CRITICAL
83,53,59,12,58,19,77,41,88,30,100,32,274,232,341,313,1,18,WARNING
46,47,74,40,64,27,66,44,68,45,65,48,280,241,317,300,3,7,CRITICAL
80,40,100,10,88,28,70,19,75,54,74,5,248,213,298,235,0,15,WARNING
62,32,77,25,79,42,66,36,64,44,43,22,223,353,307,140,0,6,WARNING
80,25,67,51,100,28,84,39,56,56,71,25,246,245,355,222,1,10,WARNING
60,31,85,29,89,26,88,34,45,25,75,26,233,222,357,272,3,13,CRITICAL
44,45,79,23,89,28,76,27,56,26,70,38,319,315,363,376,2,6,CRITICAL
47,53,78,33,51,46,66,45,67,23,63,37,215,180,292,292,1,4,WARNING
72,50,81,55,83,35,71,30,75,39,57,38,359,310,320,263,2,14,WARNING
75,30,100,16,71,33,72,20,87,36,88,40,325,385,363,237,0,18,WARNING
58,23,55,24,63,33,59,14,65,33,72,25,281,306,255,345,0,11,CRITICAL
81,36,79,49,74,47,80,47,58,43,95,22,280,311,272,395,1,9,WARNING
47,17,58,53,86,27,78,41,50,47,64,38,246,326,290,374,0,12,WARNING
71,38,80,33,79,48,95,35,79,19,65,28,296,381,339,342,0,12,WARNING
53,33,58,22,58,37,90,30,92,29,84,19,345,348,340,196,0,13,WARNING
62,30,65,55,83,33,61,29,90,43,47,44,237,298,277,275,0,0,WARNING
72,19,67,50,62,60,84,24,82,30,53,48,187,328,207,436,3,5,CRITICAL
59,40,86,41,75,24,57,30,81,27,88,50,322,212,303,378,0,6,WARNING
66,29,85,26,67,31,82,13,97,45,54,36,299,320,239,192,1,12,WARNING
87,23,53,34,68,22,64,27,76,22,44,41,212,204,208,296,0,13,WARNING
63,6,72,33,83,44,56,31,81,31,100,48,235,246,220,325,2,15,CRITICAL
84,34,61,38,56,51,76,41,67,38,51,28,228,100,307,246,2,13,CRITICAL
55,52,53,49,100,51,31,34,51,29,74,46,236,296,364,138,2,4,CRITICAL
79,51,68,43,44,47,45,42,61,42,73,37,260,228,292,306,1,20,WARNING
93,30,67,24,63,33,69,48,71,29,30,44,264,342,301,244,1,19,WARNING
34,28,100,48,77,31,73,45,72,49,67,36,240,295,355,245,2,4,WARNING
60,39,78,38,80,18,66,39,100,33,78,47,234,343,205,275,0,13,WARNING
80,25,51,41,70,55,48,35,73,41,77,37,266,199,318,290,2,8,CRITICAL
68,38,63,49,71,39,59,25,89,42,85,20,290,337,289,299,0,12,WARNING
77,42,87,23,78,30,77,42,65,28,66,49,261,406,321,238,0,18,WARNING
62,47,100,34,68,48,80,51,67,14,82,25,349,319,263,284,0,24,WARNING
73,33,48,29,92,25,71,38,52,38,61,47,310,321,245,176,0,16,WARNING
69,32,43,19,84,39,89,54,60,35,50,34,184,281,297,321,1,13,WARNING
89,26,100,38,85,33,77,19,79,40,52,46,311,235,380,100,0,9,WARNING
75,26,77,60,57,41,60,23,72,32,50,46,316,319,337,279,0,13,WARNING
77,32,58,16,70,34,67,43,86,30,87,39,253,172,262,364,1,20,WARNING
65,38,80,34,67,20,50,37,74,55,49,40,190,242,216,225,1,11,WARNING
64,44,32,41,56,35,70,48,66,20,76,39,280,154,197,350,1,6,CRITICAL
65,26,72,36,77,45,88,34,100,42,68,14,279,224,362,380,0,2,WARNING
77,49,76,33,63,34,82,26,70,29,70,36,212,311,237,100,2,15,CRITICAL
65,32,85,22,81,42,93,32,89,31,92,23,192,302,272,289,3,13,CRITICAL
76,34,56,37,55,24,67,19,65,31,65,36,274,273,362,100,3,8,CRITICAL
100,27,73,27,97,34,92,23,82,26,81,23,266,281,201,291,3,18,CRITICAL
85,10,58,13,58,28,69,44,85,40,72,23,254,147,372,299,0,9,WARNING
67,43,75,46,75,42,94,43,75,48,69,51,274,245,276,126,1,11,WARNING
90,42,58,44,83,35,71,38,36,39,100,45,213,225,226,434,0,11,WARNING
65,32,65,35,63,41,82,17,72,36,50,34,253,227,276,320,0,9,WARNING
41,35,57,37,84,45,94,31,90,25,91,36,311,308,250,240,0,13,WARNING
56,40,81,45,53,41,69,22,79,40,81,32,259,214,314,402,1,18,WARNING
43,19,84,37,93,37,75,46,78,56,64,40,179,230,254,174,1,5,WARNING
66,29,68,44,72,25,91,29,46,31,96,28,251,134,184,213,0,14,WARNING
72,42,72,32,63,34,70,24,61,31,44,44,215,250,277,139,0,13,WARNING
97,22,50,48,67,29,52,35,78,29,64,32,296,199,215,426,1,12,WARNING
76,37,67,38,84,31,100,28,78,30,53,30,299,275,301,323,1,17,WARNING
68,21,71,36,63,31,64,49,90,7,78,35,180,208,224,346,0,12,WARNING
84,39,100,22,60,25,74,27,69,39,55,29,325,276,263,321,1,14,WARNING
38,34,55,37,68,15,89,21,78,26,78,38,213,260,300,340,3,16,CRITICAL
75,18,93,26,54,28,62,13,72,18,69,29,373,378,278,305,0,8,WARNING
83,46,86,28,99,36,56,34,57,42,64,39,277,302,303,318,0,13,WARNING
49,27,76,26,63,21,75,29,38,24,77,47,205,150,327,307,1,10,CRITICAL
89,26,98,24,84,35,45,20,78,31,67,27,211,187,226,257,0,11,WARNING
77,37,77,56,75,54,67,46,74,49,55,33,300,273,286,296,3,10,CRITICAL
65,46,77,48,57,45,75,41,62,20,100,39,256,209,106,319,1,14,WARNING
81,24,71,54,71,51,67,34,47,19,64,30,274,100,303,307,1,12,WARNING
100,35,90,22,83,38,48,48,81,37,38,39,376,357,273,196,1,14,WARNING
74,39,88,35,69,46,95,41,68,46,59,40,238,316,235,205,0,11,WARNING
75,41,62,22,89,27,73,26,80,19,52,45,283,303,307,375,0,2,WARNING
65,36,52,28,87,28,93,24,99,39,84,28,365,230,354,278,0,12,WARNING
59,31,68,25,85,7,68,43,39,40,76,25,296,297,263,340,0,12,WARNING
84,26,59,47,65,46,58,38,61,14,77,31,183,224,238,223,0,13,WARNING
59,35,71,31,55,50,76,36,68,42,66,25,310,283,299,196,0,8,WARNING
73,24,90,45,62,29,68,26,93,43,67,40,210,210,216,240,1,4,WARNING
64,5,65,41,74,32,54,41,47,31,66,23,364,368,253,284,0,15,CRITICAL
79,39,71,58,80,27,94,27,100,47,70,58,230,167,357,253,1,10,WARNING
77,44,72,20,39,38,62,33,74,46,84,47,458,350,293,390,1,13,WARNING
87,11,84,47,71,46,44,49,70,36,77,35,368,272,186,312,0,10,WARNING
64,24,38,46,74,17,91,28,69,30,79,43,232,238,191,429,0,11,WARNING
67,41,62,25,67,39,64,19,65,25,79,18,281,280,298,328,1,9,CRITICAL
57,55,75,45,91,32,62,24,87,34,85,60,325,317,337,131,1,6,WARNING
65,35,90,38,78,36,45,44,55,40,76,29,327,358,201,373,1,14,WARNING
77,27,64,32,91,39,98,37,77,31,77,33,306,290,314,194,1,8,WARNING
83,33,43,26,68,33,52,33,66,13,89,16,355,212,363,316,1,12,CRITICAL
58,48,81,27,86,33,72,29,60,47,62,39,272,273,393,245,0,14,WARNING
85,28,62,55,96,32,85,39,100,36,59,23,257,388,308,449,0,8,WARNING
92,27,54,35,91,44,78,26,78,31,54,36,259,357,317,400,3,4,CRITICAL
78,30,62,42,55,39,71,38,81,43,74,29,331,329,172,248,1,26,WARNING
100,25,69,27,68,37,46,27,89,50,44,24,301,321,405,291,1,8,WARNING
60,36,62,27,66,22,59,26,50,6,78,26,297,315,258,317,2,15,CRITICAL
53,51,38,45,79,31,74,28,98,39,70,37,327,345,238,360,0,23,WARNING
45,38,85,21,82,43,60,31,34,20,89,22,156,240,275,302,0,16,WARNING
94,32,91,30,59,35,75,34,60,39,61,27,298,181,373,228,0,10,WARNING
81,32,81,35,73,41,82,37,65,36,68,41,293,274,411,249,2,11,WARNING
71,19,54,36,41,52,86,0,80,41,88,60,380,216,296,299,3,7,CRITICAL
76,43,68,33,93,45,53,26,75,30,92,39,188,201,344,386,1,17,WARNING
55,34,71,38,64,35,100,31,69,16,61,25,373,223,292,329,3,15,CRITICAL
100,33,80,41,72,29,83,50,71,30,74,31,284,431,232,245,3,8,CRITICAL
73,60,82,42,67,9,71,24,57,39,76,35,309,278,371,345,3,5,CRITICAL
73,37,60,25,89,33,88,36,49,45,77,31,380,293,255,272,2,4,CRITICAL
82,27,73,32,30,31,100,49,82,23,68,44,313,190,374,362,0,17,WARNING
79,30,78,46,71,38,50,21,82,45,91,37,304,150,361,476,2,12,WARNING
75,46,93,43,70,33,68,38,95,28,43,44,294,216,323,274,2,13,WARNING
60,36,82,21,65,31,36,26,60,38,65,31,250,363,390,356,2,7,CRITICAL
79,20,83,38,97,17,74,29,82,29,78,48,278,291,412,247,1,3,WARNING
100,44,73,15,58,25,77,26,67,36,78,33,237,308,280,292,1,17,WARNING
92,28,93,35,83,39,71,27,89,43,92,25,277,318,245,302,0,12,WARNING
95,53,78,53,77,52,62,60,87,22,89,56,139,231,187,286,1,17,WARNING
64,45,59,25,90,34,41,43,75,28,67,16,305,360,413,472,0,9,WARNING
57,30,93,26,61,38,77,46,66,36,91,27,272,228,265,278,0,10,WARNING
70,47,82,42,61,44,93,39,86,59,61,28,259,361,352,341,0,16,WARNING
72,35,65,19,88,26,63,18,81,26,85,60,293,298,249,164,2,16,CRITICAL
88,43,64,28,78,38,78,38,61,55,99,53,193,153,374,330,1,16,WARNING
46,39,76,40,48,27,48,45,52,55,90,49,395,221,251,379,2,10,CRITICAL
94,26,78,28,63,43,78,26,67,34,73,31,273,153,224,263,1,15,WARNING
69,28,74,32,77,36,66,44,94,32,67,59,271,345,278,124,3,18,CRITICAL
65,45,76,42,84,37,60,42,89,28,49,38,222,268,260,297,0,11,WARNING
56,31,97,39,61,27,60,53,55,34,76,44,281,125,322,301,0,8,WARNING
47,30,88,37,30,42,66,30,54,20,55,36,363,294,287,350,0,20,CRITICAL
84,25,74,31,79,55,77,24,91,34,60,34,342,235,324,440,0,8,WARNING
73,39,86,38,53,24,52,31,54,49,54,32,331,173,273,273,3,15,CRITICAL
52,55,56,33,41,31,66,49,79,28,65,32,312,379,253,240,0,11,WARNING
52,24,77,39,30,37,71,16,62,32,71,41,258,276,257,218,0,0,WARNING
66,35,99,30,84,42,55,14,96,17,76,38,192,250,402,313,1,18,WARNING
97,49,68,33,73,29,98,35,60,38,62,34,267,244,302,333,0,0,WARNING
68,34,59,25,68,6,59,30,89,37,88,50,265,171,180,261,2,0,CRITICAL
49,39,62,34,92,48,61,35,74,35,68,5,342,185,261,354,0,15,WARNING
68,24,55,26,81,42,57,44,75,32,60,40,298,353,295,332,0,15,WARNING
67,39,60,23,96,17,98,29,42,32,75,42,376,239,391,303,2,8,CRITICAL
31,33,66,37,51,28,80,16,38,40,100,46,351,271,346,236,1,12,CRITICAL
71,44,50,37,71,50,57,55,68,34,77,34,252,137,239,266,3,0,CRITICAL
68,46,72,42,47,49,88,25,75,38,66,37,172,184,423,129,3,16,CRITICAL
82,60,85,30,68,44,75,24,55,37,49,44,363,309,288,316,0,13,WARNING
99,40,58,39,68,33,75,46,55,46,68,49,361,294,358,301,0,11,WARNING
88,38,94,40,81,35,66,31,80,41,75,31,198,383,226,313,2,12,WARNING
67,36,79,39,72,33,60,34,80,36,66,37,370,357,158,335,1,14,WARNING
55,31,87,26,81,46,77,39,69,50,47,51,302,255,212,327,1,11,WARNING
100,38,62,36,82,26,63,45,83,39,59,13,289,300,111,292,0,0,WARNING
72,32,84,38,100,26,99,31,54,48,93,28,376,249,406,303,1,25,WARNING
72,36,55,35,67,45,52,50,66,41,93,49,360,403,301,201,0,19,WARNING
71,48,85,14,57,34,95,13,96,16,58,45,319,344,239,259,2,4,CRITICAL
74,24,74,36,75,48,70,42,73,48,82,40,308,281,314,303,0,9,WARNING
69,46,80,57,59,28,76,26,73,36,54,30,316,283,300,248,1,10,WARNING
63,48,54,31,94,34,84,48,100,34,93,26,255,363,324,360,0,18,WARNING
63,33,58,27,67,25,62,36,51,37,75,29,276,307,356,253,0,0,WARNING
71,13,80,38,63,35,84,28,83,31,86,50,225,371,274,315,3,9,CRITICAL
63,28,57,38,64,20,31,41,96,37,46,28,260,127,241,308,1,1,CRITICAL
61,47,78,46,82,30,61,43,67,29,82,36,258,299,335,352,0,10,WARNING
73,34,51,22,69,20,58,41,84,47,71,27,241,236,334,363,0,9,WARNING
68,25,84,42,62,41,53,24,57,33,84,43,288,384,295,348,0,12,WARNING
94,29,53,40,96,42,68,30,61,31,85,29,260,370,409,152,0,8,WARNING
32,43,80,33,59,17,77,34,77,25,72,34,310,272,265,383,0,7,WARNING
88,40,81,38,72,48,82,34,83,37,62,18,182,369,240,406,0,15,WARNING
90,32,61,45,81,59,75,42,88,36,83,18,273,385,312,266,1,14,WARNING
40,31,80,43,47,35,62,14,95,38,71,35,287,274,252,316,3,15,CRITICAL
66,31,75,23,79,28,77,38,70,24,58,21,261,430,317,237,0,10,WARNING
66,25,63,43,56,60,73,32,89,18,58,56,269,267,244,163,0,8,WARNING
50,51,56,34,84,21,86,26,66,41,49,14,184,256,267,248,0,11,WARNING
60,31,42,35,57,35,83,27,85,49,64,26,301,326,393,262,1,15,CRITICAL
55,47,77,35,82,36,72,32,75,24,88,35,318,247,267,275,1,0,WARNING
98,50,48,33,88,48,58,0,78,50,74,31,309,275,246,232,0,14,WARNING
86,44,73,46,84,38,62,27,78,37,64,23,342,361,354,248,3,13,CRITICAL
91,30,68,34,75,30,63,26,47,34,84,25,292,271,232,299,0,12,WARNING
82,39,82,23,68,25,67,40,55,31,59,25,308,159,251,246,1,11,CRITICAL
55,34,67,31,63,31,76,26,73,21,73,32,289,293,321,338,1,0,CRITICAL
64,25,67,36,94,24,82,32,46,44,69,54,321,224,341,347,0,9,WARNING
79,38,82,47,61,35,71,50,84,27,83,35,185,326,357,466,1,22,WARNING
53,23,77,41,56,29,72,44,85,27,48,46,226,315,248,378,1,12,WARNING
82,46,76,26,81,20,74,44,76,44,59,40,375,365,322,317,1,10,WARNING
68,30,79,59,60,47,64,30,55,16,47,46,132,328,264,256,2,12,CRITICAL
66,37,48,37,57,30,58,40,92,19,68,7,271,340,256,320,0,14,WARNING
82,37,83,47,50,22,45,32,100,34,90,31,350,226,356,322,0,15,WARNING
78,32,81,33,64,33,61,33,74,37,64,48,274,322,259,264,1,10,WARNING
66,40,56,40,70,35,79,39,79,39,64,29,255,397,305,354,1,14,WARNING
89,30,68,43,75,17,61,29,75,31,85,52,287,225,298,202,0,22,WARNING
55,43,71,47,86,38,68,49,79,60,88,49,258,386,231,282,1,18,WARNING
81,21,69,45,79,24,78,33,70,32,70,30,281,234,343,338,1,26,WARNING
80,36,77,43,69,52,79,41,71,32,82,29,238,214,320,279,2,8,WARNING
67,54,93,31,69,40,55,49,85,27,55,24,346,289,180,285,1,22,WARNING
76,24,88,29,79,31,86,45,100,36,92,28,365,316,305,290,1,7,WARNING
53,28,52,38,91,27,88,20,50,41,100,22,271,329,247,241,1,14,WARNING
85,40,81,44,73,33,55,39,70,47,79,39,196,207,350,382,0,16,WARNING
69,36,91,32,64,41,59,43,54,20,40,20,248,298,210,228,1,8,CRITICAL
64,38,77,45,57,34,89,43,95,32,63,41,268,225,270,322,0,12,WARNING
87,39,88,49,50,32,69,23,63,39,81,41,310,173,309,328,2,17,WARNING
61,41,100,25,81,35,38,28,50,40,65,18,219,209,292,233,1,7,CRITICAL
50,46,87,26,80,28,51,44,81,35,91,50,233,221,331,305,1,22,WARNING
48,39,75,33,80,31,68,27,98,40,80,40,310,303,206,236,2,3,WARNING
81,32,87,38,70,14,54,32,81,26,61,42,336,344,380,397,2,23,CRITICAL
52,41,74,29,93,44,65,50,75,50,72,27,242,174,318,220,1,18,WARNING
98,53,72,48,64,37,72,34,78,44,58,41,200,292,364,254,0,11,WARNING
40,33,66,39,86,27,93,27,93,21,69,46,477,193,338,214,0,9,WARNING
97,25,95,35,71,53,67,26,58,24,63,34,326,310,289,204,3,8,CRITICAL
75,46,59,20,62,35,88,38,70,24,89,55,263,229,219,411,3,11,CRITICAL
70,33,94,21,80,24,93,21,65,41,100,35,332,201,259,337,0,11,WARNING
63,13,79,37,78,43,93,32,54,22,50,46,272,321,377,309,0,19,WARNING
77,43,51,13,77,38,76,38,67,31,43,37,332,231,366,254,0,23,WARNING
71,29,77,45,73,38,42,47,88,39,68,40,289,249,255,363,1,13,WARNING
88,34,40,33,71,30,78,41,80,34,49,18,285,125,134,242,2,6,CRITICAL
73,38,81,60,100,39,87,27,81,37,72,38,273,331,278,355,2,8,WARNING
74,36,85,58,89,32,70,46,74,24,83,27,193,323,274,238,2,10,WARNING
66,42,63,33,82,40,98,32,79,40,94,26,396,270,276,254,1,5,WARNING
71,30,73,33,73,15,84,22,59,28,75,52,223,170,319,353,1,4,WARNING
76,40,100,44,87,30,80,33,67,31,69,32,198,348,338,360,3,24,CRITICAL
46,32,64,52,79,52,88,49,74,37,42,24,267,226,344,341,3,13,CRITICAL
51,42,56,18,72,27,77,36,76,36,72,31,222,240,314,226,3,7,CRITICAL
83,41,94,17,67,28,34,35,76,35,73,21,276,420,190,268,0,16,WARNING
74,25,100,28,70,30,64,51,69,27,81,49,321,224,271,310,2,4,WARNING
69,45,72,40,30,22,89,20,66,32,61,28,339,318,416,240,0,5,WARNING
72,29,87,39,75,12,59,22,100,35,65,40,328,306,310,395,0,7,WARNING
77,43,92,45,64,32,68,18,85,21,49,48,261,295,310,131,2,21,CRITICAL
63,38,60,23,95,36,56,38,78,30,37,29,282,288,309,245,1,10,CRITICAL
60,53,64,11,72,34,98,36,68,38,55,40,304,294,312,264,1,0,WARNING
74,32,90,43,54,33,97,50,65,22,48,24,174,287,158,100,1,19,WARNING
57,31,97,26,71,35,58,37,70,46,77,59,314,266,276,202,2,10,WARNING
78,34,80,14,56,45,74,30,76,47,64,44,192,368,287,343,3,0,CRITICAL
46,31,58,36,79,33,61,35,43,22,63,33,402,184,360,302,1,10,CRITICAL
87,42,100,42,76,29,81,36,48,48,57,27,255,336,292,410,0,15,WARNING
79,18,64,33,86,32,79,18,62,33,30,33,268,323,199,408,1,14,CRITICAL
75,24,66,30,60,40,84,60,75,39,94,31,233,315,313,330,2,22,WARNING
86,24,77,33,72,49,76,40,68,30,56,54,242,342,245,321,3,6,CRITICAL
96,44,95,31,51,28,100,37,94,44,65,22,416,263,223,304,0,12,WARNING
87,52,84,21,82,35,56,41,49,39,50,36,336,148,244,114,1,7,WARNING
44,33,78,27,79,38,46,42,60,26,86,34,187,265,319,202,3,2,CRITICAL
52,33,78,40,79,25,66,33,94,23,74,33,370,205,359,307,3,17,CRITICAL
62,35,72,38,72,35,48,28,73,20,59,33,351,222,316,343,1,14,CRITICAL
72,46,80,36,78,20,49,40,85,36,66,33,263,189,324,320,0,13,WARNING
79,25,34,25,96,17,56,38,100,40,97,43,298,238,316,237,2,14,CRITICAL
61,37,67,33,67,38,58,26,61,41,70,41,279,231,295,365,1,7,WARNING
74,44,75,13,74,31,57,49,70,33,69,39,398,115,328,403,1,5,WARNING
60,40,54,36,55,37,79,37,67,23,57,4,232,315,156,365,2,12,CRITICAL
62,36,77,49,58,34,64,42,42,28,43,37,288,414,296,369,0,18,WARNING
50,45,68,20,73,25,69,48,67,46,69,18,254,309,232,260,0,21,WARNING
58,7,98,29,88,34,85,35,85,30,76,41,194,256,353,375,3,16,CRITICAL
51,41,95,38,68,22,60,38,80,36,88,49,411,266,281,310,1,12,WARNING
57,28,65,47,68,48,68,43,81,24,38,25,209,242,291,335,0,13,WARNING
87,16,69,30,65,21,77,27,66,38,55,32,293,275,207,325,2,12,CRITICAL
57,40,70,28,63,33,42,35,62,30,63,29,175,267,345,291,1,5,CRITICAL
100,48,65,15,76,24,36,36,91,45,71,47,256,215,324,239,2,12,CRITICAL
79,33,74,36,49,40,77,25,64,42,69,35,305,379,320,294,2,3,CRITICAL
74,44,60,55,91,31,79,58,76,30,70,52,230,173,245,369,0,11,WARNING
59,51,55,37,62,29,100,20,74,33,78,39,315,316,247,269,1,21,WARNING
82,48,81,34,82,43,74,22,93,29,58,37,263,263,302,362,0,16,WARNING
63,51,81,38,52,35,84,48,86,20,86,35,349,393,251,351,0,6,WARNING
73,42,59,34,82,40,69,42,52,26,78,43,361,292,313,279,1,11,WARNING
100,35,85,26,82,25,76,24,54,36,67,17,244,246,171,397,3,6,CRITICAL
70,18,62,43,77,20,97,41,80,38,96,35,284,253,263,275,1,11,WARNING
89,32,75,37,57,36,40,49,71,36,95,34,291,272,388,405,3,18,CRITICAL
61,26,84,35,75,31,78,34,65,31,85,42,317,195,314,330,0,15,WARNING
71,56,71,25,54,41,100,60,87,44,30,33,280,220,299,298,1,26,WARNING
98,33,78,48,68,34,76,17,74,35,95,24,291,153,399,237,1,19,WARNING
62,36,64,41,87,37,96,41,72,42,83,35,265,210,161,293,0,13,WARNING
99,40,69,29,83,18,62,46,83,17,100,24,286,276,245,285,2,16,CRITICAL
82,35,68,45,72,53,71,43,66,0,90,15,357,289,267,211,1,10,WARNING
63,51,60,30,57,33,72,32,95,37,95,42,318,141,337,284,1,5,WARNING
81,28,69,27,81,41,38,32,60,20,85,40,322,261,338,243,2,19,CRITICAL
86,36,48,27,72,26,54,39,81,32,92,39,323,306,242,341,0,18,WARNING
81,27,64,17,37,38,55,43,93,31,100,48,270,259,344,391,1,10,WARNING
48,21,67,39,83,21,84,41,51,50,75,28,299,228,267,214,1,13,WARNING
61,28,68,16,71,39,85,45,66,38,48,20,214,243,356,419,3,19,CRITICAL
68,34,68,22,90,31,76,24,89,36,67,34,356,234,233,291,3,17,CRITICAL
70,30,71,14,55,35,84,32,89,43,77,31,113,228,283,231,0,3,WARNING
81,28,79,34,30,41,69,25,69,38,73,26,274,281,263,353,2,13,CRITICAL
74,20,85,33,76,22,90,31,60,30,53,34,348,419,348,268,2,10,CRITICAL
51,34,62,31,76,28,72,45,86,45,47,28,198,221,261,294,2,18,CRITICAL
77,19,53,24,46,39,72,36,89,23,60,16,303,249,287,271,1,18,CRITICAL
81,42,56,23,57,55,68,60,54,38,84,30,239,266,317,242,2,19,CRITICAL
80,35,64,39,100,33,82,36,53,19,95,23,257,225,319,350,1,5,WARNING
88,20,66,29,67,40,65,35,75,37,85,37,336,341,338,279,3,7,CRITICAL
84,31,60,38,82,33,86,36,81,36,87,28,291,115,301,199,0,18,WARNING
78,27,52,26,62,54,55,28,67,51,70,46,157,235,266,338,0,8,WARNING
70,38,65,36,40,17,55,34,82,19,45,51,221,323,270,215,2,2,CRITICAL
47,48,74,48,69,35,82,46,61,28,65,41,338,250,291,219,3,15,CRITICAL
78,16,80,40,68,18,70,36,40,43,68,19,306,216,303,383,0,8,WARNING
75,36,63,30,66,9,65,27,65,38,64,50,384,298,281,216,3,22,CRITICAL
76,33,65,37,70,37,85,25,72,36,72,50,380,328,291,137,2,13,WARNING
52,41,58,32,75,36,62,30,67,25,78,35,259,283,206,343,1,12,CRITICAL
55,37,71,35,69,32,68,35,54,29,84,48,430,217,326,278,3,9,CRITICAL
87,27,59,31,53,33,92,46,44,47,67,29,281,299,299,284,0,21,WARNING
71,31,80,33,79,60,95,21,64,34,43,16,222,243,345,277,0,14,WARNING
82,27,45,37,42,32,95,31,85,38,64,27,241,318,290,316,0,9,WARNING
72,45,66,25,41,40,67,36,90,33,72,52,144,366,194,247,1,7,WARNING
72,35,76,24,83,28,90,16,89,23,90,20,376,100,270,403,0,11,WARNING
86,54,74,21,79,37,57,26,59,44,63,34,375,277,279,196,0,6,WARNING
64,34,100,18,71,32,58,28,54,40,79,35,219,157,330,331,1,18,WARNING
73,27,77,22,51,30,36,27,79,58,76,29,266,428,176,344,0,1,WARNING
65,19,56,36,61,53,97,36,81,24,72,30,285,239,292,246,0,11,WARNING
65,16,70,26,68,46,59,33,78,43,85,35,222,318,318,228,0,15,WARNING
67,19,45,40,48,36,70,29,41,21,62,29,174,267,253,371,1,14,CRITICAL
75,37,70,35,60,11,58,39,58,36,63,20,267,217,294,230,0,7,WARNING
64,40,59,15,81,31,82,52,71,44,71,37,260,210,255,257,1,15,WARNING
90,19,85,41,93,60,66,51,79,14,62,45,256,373,249,362,3,6,CRITICAL
58,43,63,43,65,32,52,15,83,32,79,43,293,332,267,302,2,11,CRITICAL
69,30,70,25,83,46,78,40,74,29,61,26,365,396,250,174,3,15,CRITICAL
65,36,62,39,43,49,50,33,76,27,75,22,261,273,327,422,0,14,WARNING
93,51,98,26,81,37,59,36,73,38,70,32,290,288,249,262,3,7,CRITICAL
74,43,67,35,59,26,40,31,82,46,75,50,323,252,240,271,1,19,WARNING
87,32,99,22,76,10,50,36,76,33,65,41,313,251,387,317,1,12,WARNING
49,26,84,17,68,41,74,36,72,37,66,42,243,202,342,343,0,16,WARNING
76,13,79,31,91,26,42,29,67,36,73,43,285,275,187,437,0,21,WARNING
85,27,77,33,58,36,49,26,73,35,75,39,312,218,247,183,2,18,CRITICAL
73,32,77,31,81,22,71,30,79,24,71,36,212,298,303,357,1,18,WARNING
87,25,43,23,67,32,63,37,76,46,97,41,355,281,307,352,0,13,WARNING
64,33,67,31,69,35,100,40,77,37,57,29,365,288,208,290,1,16,WARNING
93,35,84,37,69,37,99,43,92,38,71,20,236,378,353,355,0,13,WARNING
100,32,71,34,59,23,58,30,75,26,48,42,291,267,335,365,3,4,CRITICAL
66,28,50,36,71,46,80,37,62,30,77,47,318,319,316,203,0,13,WARNING
65,36,71,28,71,29,83,44,85,33,55,23,247,403,364,422,0,13,WARNING
93,39,97,46,75,18,63,46,51,19,67,43,308,354,314,190,2,15,WARNING
95,24,90,23,73,33,49,34,55,18,66,51,289,344,314,220,1,11,WARNING
64,49,71,39,83,35,71,32,77,28,76,34,191,250,375,281,3,7,CRITICAL
65,34,86,46,85,36,69,36,79,40,63,26,307,284,350,434,0,15,WARNING
67,35,66,39,56,48,65,23,53,28,63,36,213,184,243,278,0,4,WARNING
51,42,46,32,85,32,78,33,66,24,93,29,336,302,324,297,1,20,WARNING
58,37,58,29,54,33,60,42,62,26,76,28,239,287,253,400,0,10,WARNING
56,44,95,45,80,23,54,41,64,30,63,39,270,271,317,278,0,13,WARNING
60,37,67,20,81,43,73,32,86,31,68,18,362,336,316,217,3,15,CRITICAL
71,28,68,25,43,36,77,37,82,56,96,20,309,191,213,270,1,15,WARNING
75,38,67,31,73,30,54,26,71,45,68,35,215,376,283,395,0,3,WARNING
95,23,100,47,64,15,85,42,63,45,61,34,219,328,304,304,2,16,WARNING
57,36,96,38,60,49,45,34,51,46,61,38,244,265,266,435,1,13,WARNING
86,34,100,25,92,22,63,32,93,25,63,53,303,260,307,351,1,8,WARNING
68,32,69,31,62,29,68,31,80,22,63,36,301,301,334,254,0,7,WARNING
71,33,76,28,59,38,62,34,61,23,52,40,229,368,288,303,1,9,CRITICAL
82,16,49,27,73,23,63,30,82,48,55,25,209,276,302,240,0,4,WARNING
55,29,94,44,82,20,100,41,70,29,59,42,296,279,366,253,0,22,WARNING
77,35,54,21,69,13,59,31,67,22,80,29,269,271,316,500,1,20,CRITICAL
74,36,75,51,89,42,100,50,78,30,66,35,409,385,301,371,3,14,CRITICAL
79,24,55,43,79,29,78,49,60,32,68,33,282,246,237,360,3,10,CRITICAL
76,47,63,45,39,60,73,26,66,37,91,45,388,268,326,256,1,10,WARNING
100,26,59,30,64,25,79,35,73,37,91,21,209,365,308,409,1,16,WARNING
62,44,62,33,63,25,100,28,64,26,67,12,185,279,360,376,0,22,WARNING
64,39,63,20,79,29,57,31,82,41,62,32,212,343,292,431,1,8,CRITICAL
62,28,63,29,32,37,55,55,100,28,59,39,351,210,190,428,0,5,WARNING
63,52,84,39,100,30,60,31,60,33,82,36,385,256,196,196,3,21,CRITICAL
62,23,55,47,79,41,72,38,47,41,68,47,233,366,330,222,3,1,CRITICAL
89,44,75,23,74,25,46,40,41,28,66,39,252,226,258,229,2,5,CRITICAL
93,45,90,31,89,21,72,24,69,29,59,29,209,260,314,233,0,10,WARNING
63,28,64,33,100,17,97,26,62,40,60,11,171,286,296,322,2,2,CRITICAL
59,48,61,21,85,12,74,22,75,26,76,32,323,205,280,260,1,18,CRITICAL
79,32,68,40,86,29,67,26,73,31,52,45,293,243,284,445,0,17,WARNING
63,37,89,27,73,31,62,6,47,40,86,31,280,277,242,433,1,8,CRITICAL
81,37,74,33,69,28,85,40,44,55,63,35,195,273,289,299,1,19,WARNING
75,33,64,30,64,47,59,55,76,41,69,39,378,353,257,436,0,20,WARNING
49,43,79,27,59,47,99,36,74,39,51,24,249,370,269,404,0,11,WARNING
95,42,55,34,61,31,100,20,65,40,71,41,312,214,272,268,0,9,WARNING
98,17,82,32,51,17,75,28,47,24,67,51,192,277,277,159,1,25,CRITICAL
62,48,78,31,70,29,71,30,79,36,71,33,268,313,340,284,0,16,WARNING
66,18,67,27,46,29,87,24,91,34,94,23,297,368,282,254,0,13,WARNING
76,45,59,38,74,28,88,43,76,38,74,34,299,316,346,314,3,20,CRITICAL
77,46,58,51,71,28,59,43,59,36,60,12,289,288,374,306,2,13,CRITICAL
81,24,80,36,74,28,64,23,72,38,61,38,309,313,337,304,3,8,CRITICAL
100,30,90,44,64,31,52,42,51,31,80,39,212,313,319,336,1,12,WARNING
69,23,62,21,100,28,78,50,87,35,91,51,291,209,307,215,3,18,CRITICAL
60,32,78,36,92,37,81,54,73,22,76,33,286,282,337,328,1,0,WARNING
51,31,40,24,53,38,51,60,45,31,82,39,293,364,294,269,1,10,CRITICAL
61,42,63,20,75,25,65,25,67,48,81,26,284,256,344,313,0,20,WARNING
71,48,71,27,62,47,51,60,78,38,93,31,203,278,323,367,3,8,CRITICAL
98,48,58,46,56,25,58,31,67,34,42,19,200,254,270,214,0,21,WARNING
64,29,57,44,51,18,80,29,67,53,82,33,147,119,339,280,0,20,WARNING
75,32,61,37,78,38,60,38,53,21,86,31,329,271,295,291,1,11,WARNING
71,18,76,19,61,26,67,29,80,23,51,37,329,289,284,264,2,8,CRITICAL
89,26,69,33,86,38,47,38,62,52,58,28,330,236,263,362,0,10,WARNING
100,44,38,38,86,10,74,21,39,35,59,35,298,194,299,249,0,27,WARNING
64,51,40,36,92,48,71,32,66,32,61,31,152,212,344,261,0,23,WARNING
64,22,62,16,59,41,61,47,86,23,64,31,218,319,338,250,2,12,CRITICAL
87,29,78,26,79,19,69,34,66,39,75,35,290,398,309,376,3,8,CRITICAL
82,34,30,34,81,20,74,36,98,40,84,35,288,359,322,265,0,12,WARNING
99,37,64,40,64,51,59,39,78,24,88,42,266,182,359,332,1,13,WARNING
80,26,64,13,60,27,49,46,77,33,59,33,302,325,281,438,0,4,WARNING
66,39,92,33,96,26,99,18,70,31,59,31,280,226,228,294,3,12,CRITICAL
80,30,66,36,75,12,62,40,70,37,91,33,287,232,361,377,2,19,CRITICAL
88,34,77,43,81,31,70,32,68,23,81,27,241,239,260,416,0,1,WARNING
84,40,74,41,59,32,87,36,67,47,73,31,338,315,252,371,3,16,CRITICAL
79,35,40,40,53,42,100,45,79,44,79,55,254,332,191,298,0,20,WARNING
88,30,83,27,63,21,53,23,57,31,71,25,200,263,321,344,2,8,CRITICAL
89,33,75,15,70,19,78,24,55,32,79,32,233,264,200,209,1,22,CRITICAL
92,34,79,31,56,39,61,15,55,33,66,31,259,300,248,245,1,7,CRITICAL
81,31,100,45,71,45,63,29,100,27,76,32,339,306,322,257,0,14,WARNING
69,32,40,48,46,19,61,48,79,30,49,31,277,346,329,456,1,10,CRITICAL
74,50,97,42,55,45,55,33,76,32,61,37,268,186,254,243,0,10,WARNING
90,40,67,39,82,35,71,21,56,51,61,17,205,271,282,242,0,8,WARNING
59,32,76,38,81,45,49,30,81,44,66,45,327,200,242,226,0,16,WARNING
77,41,71,29,66,34,86,20,70,44,58,41,240,266,259,339,2,17,CRITICAL
66,31,65,33,56,9,72,23,75,38,63,22,273,255,304,309,0,11,WARNING
72,46,63,51,56,33,78,38,57,23,49,12,368,266,262,376,2,3,CRITICAL
91,38,76,25,66,45,65,23,74,34,80,25,310,218,276,346,0,14,WARNING
74,33,49,51,81,26,66,46,65,44,70,32,182,173,209,203,1,14,WARNING
72,39,83,31,85,31,76,34,60,22,46,60,173,133,352,243,2,10,CRITICAL
51,19,65,48,64,33,54,35,83,41,59,40,276,261,318,395,2,23,CRITICAL
83,23,55,20,54,6,66,32,48,58,77,16,207,241,333,285,2,2,CRITICAL
81,23,65,40,76,51,59,42,80,45,63,28,318,226,360,383,1,0,WARNING
100,36,90,27,59,25,58,42,82,49,61,34,282,355,244,289,2,7,WARNING
67,52,63,20,64,40,40,38,58,37,70,37,289,214,270,232,0,16,WARNING
75,57,77,37,91,34,92,40,59,44,77,21,237,362,185,278,1,5,WARNING
75,41,61,45,84,47,61,32,68,27,50,33,384,375,462,232,1,6,WARNING
95,40,83,26,74,39,89,40,76,42,80,27,450,143,281,260,0,17,WARNING
70,16,82,20,52,32,88,31,69,41,59,23,263,276,347,314,1,14,CRITICAL
76,29,99,34,75,26,52,35,78,37,71,37,301,244,221,335,1,14,WARNING
81,27,69,34,87,42,55,32,98,48,71,42,285,100,344,188,1,16,WARNING
74,28,82,40,66,16,100,30,64,29,64,43,264,176,392,298,0,9,WARNING
65,33,73,44,92,41,98,28,46,33,56,40,230,320,286,258,0,9,WARNING
74,30,91,34,91,24,71,39,84,35,67,30,214,401,234,254,1,16,WARNING
88,15,61,53,96,47,75,48,97,24,96,42,211,328,282,309,3,3,CRITICAL
56,42,83,37,76,36,62,46,77,37,51,38,304,291,167,261,1,0,WARNING
73,24,69,31,80,41,78,22,55,17,97,36,248,268,287,396,0,9,WARNING
61,37,71,18,93,35,61,47,70,45,68,28,125,379,335,383,2,17,CRITICAL
89,55,73,32,78,17,41,31,55,35,72,30,306,409,288,382,0,13,WARNING
49,25,75,31,64,26,52,41,81,29,55,35,277,231,274,265,1,17,CRITICAL
63,9,70,44,65,41,72,25,51,26,60,59,360,140,319,232,3,0,CRITICAL
77,32,75,39,75,36,55,36,67,32,64,38,302,133,323,305,0,13,WARNING
95,46,95,23,52,46,70,38,56,41,56,28,191,355,198,289,1,15,WARNING
71,54,86,36,69,39,55,20,73,40,68,26,146,266,294,257,2,3,CRITICAL
63,22,85,41,88,25,60,41,66,27,65,30,236,281,423,217,0,17,WARNING
100,39,65,50,39,27,84,48,74,26,99,56,242,153,216,297,1,11,WARNING
50,30,58,43,95,36,75,33,72,41,54,31,336,221,285,271,0,30,WARNING
39,33,86,42,88,11,71,48,57,27,73,44,279,250,396,348,0,0,WARNING
78,60,85,35,65,51,85,33,81,35,75,31,348,283,350,346,0,20,WARNING
64,19,94,38,80,39,79,43,71,36,55,37,200,244,261,377,0,9,WARNING
56,37,62,47,72,47,93,12,57,38,82,42,337,202,301,211,0,2,WARNING
82,39,68,21,90,19,65,59,100,43,66,29,323,219,289,328,0,8,WARNING
75,45,47,31,86,47,65,49,79,22,34,28,158,348,248,249,0,13,WARNING
63,35,66,27,50,57,52,32,69,15,81,51,359,285,285,214,0,18,WARNING
52,38,86,38,80,21,65,15,93,29,55,44,285,309,274,269,1,22,WARNING
85,31,65,47,68,42,86,37,99,53,56,42,303,211,296,374,0,20,WARNING
81,37,81,29,73,35,91,20,69,55,82,42,228,100,248,273,3,6,CRITICAL
70,31,69,11,61,19,86,39,77,53,66,39,356,235,219,409,0,18,WARNING
99,41,76,30,98,39,45,39,57,33,85,55,208,213,287,338,0,14,WARNING
55,31,54,44,87,43,88,25,69,17,90,35,329,292,384,272,0,8,WARNING
49,38,73,40,60,28,44,46,69,11,62,40,329,483,294,381,3,10,CRITICAL
61,34,30,39,51,46,85,43,74,28,83,20,221,315,271,331,2,7,CRITICAL
71,46,69,32,66,18,66,44,76,33,60,26,399,447,331,234,1,12,WARNING
75,34,47,22,78,20,82,35,80,48,100,22,293,306,281,430,1,7,WARNING
68,17,90,40,75,36,52,20,75,43,61,47,319,229,392,318,2,5,CRITICAL
77,47,83,26,90,35,89,44,53,37,87,9,188,292,289,301,0,14,WARNING
53,25,79,56,83,27,50,32,57,26,84,30,407,385,328,240,0,15,WARNING
93,28,94,40,86,43,61,21,63,25,76,5,206,388,248,382,0,10,WARNING
70,29,57,29,76,40,57,48,67,37,61,26,341,232,317,336,0,20,WARNING
88,48,98,28,51,43,45,55,87,41,69,30,220,286,305,344,1,10,WARNING
77,13,85,34,69,33,73,34,54,38,39,48,242,177,286,264,3,10,CRITICAL
78,60,68,32,87,41,99,56,66,24,75,38,327,323,262,358,1,15,WARNING
80,45,89,46,71,30,100,35,86,41,77,26,341,370,254,363,0,11,WARNING
78,37,55,36,79,55,73,31,67,39,74,45,203,272,305,253,1,12,WARNING
81,34,59,27,67,26,88,28,78,24,30,35,345,226,324,200,2,0,CRITICAL
91,37,62,53,56,56,75,51,69,27,53,35,342,293,283,340,0,12,WARNING
74,40,64,35,70,35,79,27,75,41,60,22,223,297,305,189,2,1,CRITICAL
82,41,56,42,76,21,66,42,68,32,76,25,375,275,287,310,1,4,WARNING
70,40,90,28,62,48,74,29,82,50,76,26,192,281,295,268,1,3,WARNING
93,35,68,38,68,36,80,30,48,40,69,35,242,258,278,385,3,5,CRITICAL
61,33,77,38,57,43,63,45,66,30,81,35,308,334,290,272,1,8,WARNING
99,33,63,16,88,47,70,31,76,34,56,50,228,317,438,377,0,9,WARNING
71,33,44,55,67,38,71,30,80,35,81,38,295,206,307,264,3,15,CRITICAL
50,46,76,47,93,29,84,46,94,27,79,7,294,204,325,369,0,13,WARNING
73,40,43,31,94,44,56,50,66,25,77,37,268,253,314,444,0,0,WARNING
61,5,70,23,70,35,71,41,94,42,69,20,329,317,275,225,1,12,CRITICAL
84,41,51,38,56,41,100,28,62,43,99,25,266,279,361,320,3,13,CRITICAL
62,36,100,35,40,13,89,29,91,41,79,26,293,228,273,492,1,10,WARNING
65,34,85,38,49,39,92,35,84,50,57,28,348,286,348,304,0,11,WARNING
43,31,73,36,51,28,72,38,58,29,75,21,327,248,271,304,1,13,CRITICAL
65,46,90,40,92,51,76,25,76,51,83,37,327,327,237,355,3,16,CRITICAL
35,44,59,49,73,41,87,42,71,25,63,20,211,291,310,302,0,2,WARNING
48,27,80,40,77,37,95,35,81,24,88,38,311,249,229,180,1,10,WARNING
83,39,74,24,38,39,42,17,68,17,77,57,227,285,319,379,0,21,WARNING
83,25,75,48,54,25,52,25,67,30,36,21,203,355,224,159,1,20,CRITICAL
78,21,91,51,85,51,91,29,92,29,76,32,275,232,272,270,0,17,WARNING
57,28,82,60,76,54,67,34,70,40,65,9,225,296,211,384,3,15,CRITICAL
71,43,76,23,69,38,61,53,84,37,80,31,327,265,445,275,1,21,WARNING
71,44,47,37,80,50,53,37,68,23,86,41,328,297,199,251,3,23,CRITICAL
54,40,57,14,96,29,63,26,96,31,74,42,165,227,290,361,0,11,WARNING
94,42,70,40,68,27,50,37,61,31,96,35,230,277,352,240,0,6,WARNING
85,40,73,29,73,35,100,31,62,17,69,43,192,342,347,214,1,10,WARNING
68,28,55,54,74,39,71,38,94,25,81,60,252,209,336,319,0,30,WARNING
72,39,100,27,100,31,71,40,65,27,84,52,307,183,272,287,1,2,WARNING
75,43,94,18,40,40,80,47,96,49,70,29,265,186,364,212,0,9,WARNING
41,42,81,30,82,38,86,34,85,36,83,20,244,193,340,344,1,3,WARNING
68,46,73,15,70,25,86,51,69,41,63,30,358,308,301,332,1,12,WARNING
61,42,68,42,80,40,88,44,44,20,65,25,141,178,303,274,1,4,WARNING
56,38,57,14,62,43,62,27,71,46,52,39,354,250,273,279,0,11,WARNING
67,45,73,35,71,36,67,57,73,48,75,23,247,310,239,332,0,0,WARNING
98,34,75,14,82,46,83,38,89,15,76,34,275,297,358,383,2,15,CRITICAL
81,26,53,31,100,22,64,26,95,27,89,43,248,244,362,280,1,19,WARNING
63,33,77,51,84,39,71,51,61,39,83,33,372,282,241,345,1,9,WARNING
80,27,69,38,59,23,77,55,84,41,67,25,206,276,281,339,1,11,WARNING
